"customer_id","name","street_address","state","city","zipcode","phone_number"
1,"Mrs. Kristina Shaw","213 Gloria Road","TX","San Antonio",26126,"(595) 905-3764"
2,"Amy Gallegos","292 Benson Manors","VA","Richmond",89487,"(458) 732-3164"
3,"Christina Hubbard","0557 White Ways Suite 730","PA","Reading",86704,"(856) 036-8738"
4,"Elizabeth Edwards","5675 Nicole Gateway","TX","Austin",48129,"(198) 825-0273"
5,"Frank Mays","4387 Andrea Mall","AZ","Chandler",86152,"(918) 111-2066"
6,"Alexandra Daniel","259 David Haven Suite 510","NY","Albany",82662,"(306) 766-5682"
7,"Joshua Ross","2038 Angelica Ports","FL","Tampa",59292,"(765) 876-2826"
8,"Kimberly Quinn","36616 Richard Ridges Apt. 608","MI","Warren",82175,"(729) 085-2073"
9,"Katelyn Pope","63596 Cody Cape Suite 059","VA","Chesapeake",34953,"(741) 583-3166"
10,"Monica Olson","11437 Hoffman Shoal Suite 484","GA","Savannah",51986,"(638) 578-8754"
11,"Chelsea Hamilton","06464 Karen Streets","IL","Peoria",61162,"(725) 989-2254"
12,"Mr. Scott Owens","9212 Rodriguez Forks Apt. 057","GA","Macon",64906,"(179) 031-7362"
13,"Alyssa Beltran","1227 Bobby Wells Suite 693","TX","Dallas",95823,"(453) 688-5914"
14,"Christopher Fleming","9772 Smith Pike Suite 824","NY","Rochester",36166,"(795) 337-9411"
15,"Cody Hernandez","750 Roberts Overpass","CA","Los Angeles",87194,"(688) 802-9916"
16,"Mark Huff","52555 Linda Via","GA","Columbus",96603,"(662) 070-7273"
17,"Brian Snyder","722 Anthony Flats Suite 305","CA","San Jose",21849,"(926) 814-3618"
18,"Ana Maldonado","870 David Neck","NJ","Paterson",69936,"(609) 552-5808"
19,"Stephanie Wong","6874 Melissa Dale Apt. 299","TX","Dallas",22008,"(284) 062-7733"
20,"Courtney Avila","6714 Perkins Route Suite 918","GA","Columbus",11707,"(716) 558-8129"
21,"Beth Gillespie","636 Barker Locks","IL","Chicago",24307,"(042) 991-2901"
22,"Amy Riggs DVM","86531 Kathleen Well Apt. 328","TX","San Antonio",13740,"(483) 110-4031"
23,"Christopher Martinez","183 Sellers Walks Suite 948","MI","Warren",53364,"(388) 594-2199"
24,"Joseph Lowe","52609 Lisa Village Apt. 021","IL","Springfield",12086,"(517) 811-7471"
25,"Tyler Tucker","057 Tony Junction Apt. 622","TX","Austin",9314,"(449) 693-5272"
26,"Valerie Hendricks","7219 Kristin Mills Suite 245","AZ","Chandler",15000,"(261) 492-0486"
27,"Jorge Coffey","65872 Hodges Route","MI","Detroit",28077,"(203) 764-1334"
28,"Elizabeth Weaver","727 Anthony Walk","NY","New York",9417,"(283) 165-9863"
29,"Frank Young","743 Michael Throughway","CA","San Diego",39288,"(467) 368-1888"
30,"Thomas Mckinney","9448 Carrie Fords","PA","Philadelphia",3098,"(114) 196-8538"
31,"Tina Blackburn","848 Wayne Crest Apt. 577","GA","Columbus",82012,"(001) 607-2048"
32,"Jacob Sims","1622 Roberts Landing","FL","Orlando",8607,"(702) 588-2921"
33,"David Robbins","2121 Amanda Path","FL","Fort Lauderdale",20900,"(793) 844-1650"
34,"Mark Simmons","951 Sandra Lock","IL","Rockford",19910,"(527) 242-7495"
35,"Joseph Thornton","26839 Jacqueline Extension","CA","Los Angeles",76933,"(413) 946-2631"
36,"Marie Smith","6471 Selena Vista Suite 231","TX","Fort Worth",16581,"(336) 770-9820"
37,"Eric Drake","434 Tracey Trail Apt. 647","IL","Peoria",93862,"(515) 586-1398"
38,"Alexis Salas","3340 Richard Meadow","MI","Detroit",79405,"(220) 075-3424"
39,"Marc Miller","09060 Joy Fords","NC","Greensboro",73689,"(259) 870-9265"
40,"Alejandra Gray MD","56923 Hughes Divide Suite 662","CA","Los Angeles",93973,"(173) 486-2721"
41,"Lori Campbell","55843 Erica Grove Apt. 052","FL","Miami",73173,"(428) 489-8136"
42,"Nicholas Thomas","30437 Warner Run","CA","San Francisco",40741,"(154) 977-6092"
43,"John Robertson","35350 Kennedy Spring Apt. 913","MA","Lowell",91168,"(864) 773-7813"
44,"Beth Lloyd","7236 Cohen Green Apt. 018","TX","Houston",59597,"(861) 411-4231"
45,"Carolyn Hopkins","278 Walters Drives","NY","Buffalo",69008,"(976) 799-5167"
46,"Kyle Davis","78524 Miller Street","CA","San Diego",86617,"(456) 818-9926"
47,"James Jones","490 Kim Mountains","TX","Dallas",88325,"(368) 034-2675"
48,"Russell Meza","762 Kayla Locks","CA","San Diego",79051,"(740) 583-8344"
49,"Cody Vasquez","8067 Burns Branch Suite 567","FL","Tampa",67981,"(059) 959-0586"
50,"Michael Vaughan","6464 Kyle Village Suite 020","CA","San Francisco",15154,"(875) 871-3667"
51,"Sherry Hatfield","8778 Yates Land","FL","Fort Lauderdale",56172,"(581) 790-6555"
52,"Jason Brown","79403 Garcia Turnpike","FL","Orlando",81132,"(276) 300-9686"
53,"Jasmine Lambert","43121 Todd Rapids Apt. 734","PA","Allentown",53962,"(148) 252-7894"
54,"Dr. Jordan Yang","448 Henson Avenue Apt. 930","FL","Tampa",80976,"(984) 402-2242"
55,"Omar Green","04157 John Ramp","TX","San Antonio",47078,"(101) 767-8468"
56,"Timothy Mann","5795 Jason Spurs Suite 547","NJ","Newark",93079,"(318) 340-7549"
57,"Ashley Ortiz","19114 Ronald Throughway Suite 917","FL","Miami",73827,"(470) 569-4828"
58,"Jessica Delgado","957 Heath Hill Suite 254","IL","Chicago",42501,"(976) 945-1958"
59,"Chloe Bush","0125 Arthur Haven","GA","Macon",33746,"(823) 578-5101"
60,"Jonathan Clark","60334 Palmer Point","NY","Rochester",32360,"(461) 795-9841"
61,"Raymond Hunter","12459 Victoria Meadows","IL","Springfield",74439,"(747) 773-2750"
62,"Sarah Walsh","48211 Robert Common Apt. 728","VA","Newport News",5472,"(449) 662-3134"
63,"Michael Perez","762 Steven Plaza Apt. 145","VA","Newport News",5250,"(316) 019-0790"
64,"Tracy Hinton","2617 Jeffrey Vista","CA","San Francisco",10674,"(801) 117-5961"
65,"Bobby Francis","682 Bradley Views","IL","Peoria",36408,"(366) 448-7776"
66,"Tanya Daniels","459 Moore Glens Apt. 817","TX","Houston",27719,"(208) 272-3827"
67,"Angela Orr","3232 Johnson Square Apt. 682","MI","Grand Rapids",85763,"(679) 168-7938"
68,"Amy Brown","7794 Arnold Groves Suite 197","FL","Tampa",39507,"(143) 201-6183"
69,"Benjamin Long","69765 Zoe Spring","NY","Buffalo",24071,"(384) 333-0841"
70,"Heather Johnston","7501 Oneal Cove","PA","Pittsburgh",60366,"(796) 881-9408"
71,"Jasmine Smith","8274 Horne Ridge","GA","Atlanta",33126,"(407) 012-3770"
72,"Jennifer Anderson","19802 Simmons Ford Apt. 747","IL","Springfield",78453,"(159) 294-6730"
73,"Peter Ortiz","38869 Madison Orchard Apt. 909","FL","Miami",56280,"(249) 260-6811"
74,"Whitney Martinez","8143 Justin Heights","PA","Pittsburgh",78205,"(065) 486-8760"
75,"Amanda Mcdonald","888 Julie Estates","PA","Philadelphia",86120,"(586) 640-2221"
76,"Michael Smith","25717 Matthews Common Apt. 970","TX","Austin",60102,"(721) 620-8568"
77,"Joseph Mitchell","392 Jonathan Motorway Suite 586","NY","Buffalo",32945,"(211) 996-0846"
78,"Karen Fitzgerald","202 Miller Ports","PA","Pittsburgh",709,"(118) 615-0408"
79,"James Stewart","8448 Massey Meadow Suite 080","TX","Fort Worth",10181,"(546) 556-0661"
80,"Michelle Anderson","084 Michelle Lock","FL","Miami",14873,"(125) 321-4150"
81,"Kristen Peters","06027 Edwards Route","TX","Austin",45536,"(693) 787-7486"
82,"Diane Weaver","4218 Ian Junctions Apt. 289","CA","Los Angeles",32051,"(131) 251-5612"
83,"Claudia Garcia","0275 Kevin Knoll Suite 802","CA","Los Angeles",19130,"(088) 163-9362"
84,"Amanda Perkins","328 George Course Suite 450","CA","Sacramento",32531,"(552) 585-0128"
85,"Kelly Cooper","3659 David Via","CA","San Francisco",20127,"(984) 076-9633"
86,"Michael King","5518 Stefanie Isle","IL","Champaign",86510,"(087) 391-3393"
87,"Tony Phillips","0519 Mendoza Flat Apt. 456","TX","Fort Worth",41834,"(764) 823-8819"
88,"Tracie Ross","121 Watkins Cliffs Apt. 335","VA","Richmond",84138,"(440) 999-6949"
89,"Michael Bender","6346 Barr Track Suite 500","CA","San Jose",16471,"(972) 806-7161"
90,"Sean Serrano DVM","3800 Scott Mill Suite 393","NY","New York",35621,"(934) 937-6202"
91,"Robert Patel","0247 Sanchez Harbor","FL","Jacksonville",51458,"(182) 033-7219"
92,"Bradley Miller","30304 Parker Estates Suite 749","TX","Dallas",55275,"(731) 554-3851"
93,"Angela Sampson","670 Rogers Common Suite 304","NC","Durham",44151,"(110) 387-8608"
94,"Julie Garcia","70300 Hart Springs","FL","Tampa",31120,"(630) 119-4369"
95,"Jamie Gates","3346 Casey Haven Suite 098","IL","Peoria",57812,"(427) 708-0313"
96,"Javier Mcdowell","5128 Lisa Place Apt. 157","CA","Sacramento",3069,"(437) 700-2029"
97,"William Benjamin","778 Bennett Stream Apt. 450","CA","San Diego",18750,"(345) 913-6259"
98,"John Mullins","5390 Jesse Plains Apt. 495","CA","Sacramento",20660,"(395) 941-9670"
99,"Laura Jackson","44542 Ryan Hill","NY","Buffalo",34941,"(311) 159-2969"
100,"Shelby Salazar","72358 Bailey Roads","FL","Orlando",50586,"(374) 275-5836"
101,"Daniel Mcmahon","67426 Robert Summit Apt. 127","NY","Rochester",99297,"(333) 161-6109"
102,"Benjamin Lopez","38408 Chan Estates","TX","Dallas",57948,"(323) 786-1503"
103,"Kelsey Hubbard","42452 Grant Spring Suite 812","NC","Charlotte",87694,"(748) 793-3456"
104,"Kristy Turner","8239 Miranda Pine Apt. 806","VA","Virginia Beach",22795,"(138) 457-0457"
105,"Jenny Villa","40296 Natasha Ramp Apt. 476","CA","Sacramento",91921,"(453) 995-8087"
106,"Alexis Travis","819 Moreno Cliff Apt. 522","IL","Chicago",19621,"(967) 816-4258"
107,"Kimberly Mayo","31996 Julie Square Suite 909","GA","Augusta",92630,"(862) 220-6830"
108,"Christopher Mccall","9151 Christopher Light","CA","Los Angeles",7795,"(317) 845-5535"
109,"Courtney Garcia","73170 Charles Extension Apt. 391","CA","San Francisco",93039,"(197) 063-6651"
110,"Amanda Wolfe","9239 Crawford Mews Suite 588","VA","Virginia Beach",45407,"(903) 916-8629"
111,"Kevin Ellis","3637 Kaufman Cliff","FL","Fort Lauderdale",31344,"(715) 951-5713"
112,"Michael Mccann","290 Hayes Unions Apt. 517","NC","Greensboro",89331,"(504) 208-4999"
113,"Sandra Jimenez","176 Grant Motorway Apt. 474","TX","San Antonio",46750,"(134) 409-6115"
114,"Ashley Shepherd","0649 Flowers Tunnel","NY","Syracuse",90719,"(521) 214-7891"
115,"Casey Gilbert","4281 Breanna Spring","TX","Austin",33779,"(055) 715-4374"
116,"Angelica Mason","2447 Sanchez Mountains Suite 145","IL","Springfield",66099,"(563) 096-0232"
117,"Mark Harris","26943 Danielle Lights Suite 532","IL","Rockford",77340,"(038) 194-6867"
118,"Raymond Fisher","3501 Heather Greens","NY","Buffalo",85640,"(613) 365-1876"
119,"Mrs. Stephanie Dunn","94228 Wendy Junctions Apt. 525","IL","Chicago",19192,"(683) 372-3016"
120,"Tyler Johnson","407 Richard Haven","VA","Newport News",26989,"(842) 798-0370"
121,"Blake Kirby","7699 Jacqueline Drive","OH","Akron",25268,"(205) 480-1544"
122,"David Merritt","5758 Tanner Rapids Suite 888","CA","Los Angeles",19410,"(377) 075-5288"
123,"Sylvia Phillips","120 Daniels Club Suite 467","TX","Dallas",9876,"(258) 275-7648"
124,"Shawn Costa","707 Rodriguez Via","OH","Cleveland",92101,"(273) 582-6220"
125,"Katie Ford","75976 Fields Keys","CA","Sacramento",78816,"(075) 140-9076"
126,"Christine Duncan","875 Montgomery Pine Suite 288","NJ","Newark",19296,"(165) 852-3455"
127,"Joshua Mason","98480 Mark Flats Suite 679","IL","Springfield",87215,"(324) 391-4756"
128,"David Carson","664 Baker Ridges","PA","Allentown",42733,"(974) 295-4019"
129,"Gina Miller","814 Coleman Groves","PA","Allentown",20496,"(421) 662-7784"
130,"Amanda Costa","63217 Matthew Square","OH","Cleveland",48819,"(445) 538-5573"
131,"Joseph Perkins","288 Betty Causeway","TX","Dallas",59052,"(273) 587-0766"
132,"Steven Sutton","8979 Anderson Isle","OH","Cleveland",58585,"(103) 795-7586"
133,"Stephen Howe","01677 Jennifer Square Apt. 576","OH","Columbus",44387,"(662) 992-2265"
134,"Randy Washington","5633 Ponce Crest Apt. 961","FL","Fort Lauderdale",17921,"(986) 415-9448"
135,"Stephen Mcclure","2913 Scott Mountains","AZ","Phoenix",65617,"(666) 832-6369"
136,"Melissa Butler","470 Alyssa Square Suite 160","PA","Reading",94293,"(455) 859-4227"
137,"Ronald Bowers","494 Brown Garden","IL","Peoria",36525,"(043) 512-6779"
138,"Alan Watson","5381 Belinda Orchard","TX","San Antonio",87316,"(776) 194-6270"
139,"Ashley Rodriguez","32569 Smith Stream","NY","New York",99462,"(858) 704-6157"
140,"Gabriella Fitzgerald","570 Kaylee Park","NC","Durham",44200,"(370) 002-6491"
141,"Misty Hill","3638 Mary Estate","TX","Fort Worth",83778,"(317) 624-2854"
142,"Andrea King","641 Daniel Underpass Apt. 944","OH","Cleveland",72211,"(980) 980-2117"
143,"Frederick Daugherty","04317 Wilson Parks Suite 385","CA","San Francisco",24460,"(032) 361-3423"
144,"Edward White","694 Bentley Hollow","VA","Virginia Beach",72042,"(643) 708-9498"
145,"Justin Fowler","927 Jacqueline Knolls Apt. 347","TX","Houston",16477,"(434) 714-1410"
146,"Christine Miller","66777 Thomas View","CA","San Diego",27703,"(899) 774-4747"
147,"Patrick Hunt","90748 Kathryn Village Suite 744","TX","San Antonio",89581,"(976) 954-9472"
148,"Autumn Smith","59276 Traci Forest","CA","San Diego",90860,"(472) 969-5175"
149,"Kathleen Dixon","69388 Felicia Oval Suite 512","GA","Macon",56208,"(423) 461-8203"
150,"Michelle Cruz","4938 Jerry Ports","VA","Newport News",24649,"(011) 955-8839"
151,"Mary Jackson","6125 Martin Ways","NY","New York",99010,"(218) 724-4830"
152,"Maria Jordan","124 Mclaughlin Island","CA","Sacramento",98838,"(012) 863-0517"
153,"Stephanie Johnson","812 Nancy Shoals","IL","Peoria",33504,"(385) 389-6857"
154,"Christopher Cline","535 Mcbride Avenue","CA","Sacramento",35106,"(700) 643-5402"
155,"Jessica Lewis","698 James Valley Apt. 517","CA","Los Angeles",42502,"(112) 504-5314"
156,"Allen Johnson","5379 Lauren Curve","NY","Buffalo",62011,"(854) 334-7899"
157,"Nicholas Flowers","5816 Graves Prairie Suite 132","CA","San Diego",46464,"(146) 593-2831"
158,"Perry Carson","03210 Douglas Gateway Suite 020","TX","Fort Worth",85299,"(929) 878-6654"
159,"Pamela Wilson","327 Burke Walks Apt. 917","PA","Allentown",70085,"(751) 095-5327"
160,"Morgan Garrett","9522 Jenna Lakes","FL","Jacksonville",81160,"(718) 193-8132"
161,"Sonya Chung","90482 Rachel Cliffs","CA","San Diego",88237,"(648) 769-8630"
162,"Melinda Powell","3997 Morgan Center","PA","Pittsburgh",27875,"(868) 167-7523"
163,"Douglas Harrison","4833 Tracey Plains","NC","Durham",27210,"(075) 499-7453"
164,"Kerry Brown","461 Christopher Curve","GA","Savannah",63416,"(249) 428-4155"
165,"Kathleen Diaz","370 Dean Mills Apt. 425","NJ","Elizabeth",551,"(996) 774-3801"
166,"Tyler Moore","716 Paige Ville","VA","Virginia Beach",61630,"(150) 729-6000"
167,"John Ramirez","0130 Bauer Hollow Suite 037","TX","Austin",74017,"(762) 579-1561"
168,"Paul Brooks","1881 Morgan Grove","FL","Fort Lauderdale",15255,"(032) 042-4145"
169,"Mathew Ayala","802 Nicholas Valley Suite 117","NY","Albany",54478,"(949) 619-8185"
170,"Carrie Fischer","046 Kyle Junctions Apt. 021","VA","Richmond",82606,"(409) 939-7028"
171,"Robert Doyle","759 Smith Park","CA","Sacramento",67180,"(318) 429-6560"
172,"Brittany Walker MD","210 Sarah Islands","OH","Columbus",23870,"(041) 797-8713"
173,"Matthew Cox","93538 Smith Lock Apt. 041","IL","Springfield",93405,"(416) 425-3050"
174,"Beth Cunningham","12834 Shawn Manors","TN","Nashville",24717,"(850) 897-3595"
175,"Michael Parks","97504 Thompson Union Apt. 520","CA","Sacramento",86442,"(237) 789-4104"
176,"Noah Mason","193 Joshua Parkways Apt. 927","CA","Los Angeles",53035,"(067) 688-9456"
177,"Michael Beasley","75238 Norton Meadows","CA","San Francisco",74636,"(846) 202-7570"
178,"Mary Young","58908 Frank Fields Suite 939","GA","Savannah",56219,"(910) 260-1273"
179,"Evelyn Miller","1840 Michelle Mount Apt. 901","IL","Chicago",17985,"(457) 510-5826"
180,"Shane Smith","08931 Peterson Locks","FL","Fort Lauderdale",14758,"(483) 700-3044"
181,"Zachary Mayo","29708 Brian Walk","TX","San Antonio",13371,"(042) 931-8476"
182,"Lauren Schmitt","8342 Camacho Lodge Apt. 299","FL","Orlando",81907,"(845) 138-3203"
183,"John White","309 Alexander Inlet","IL","Peoria",86380,"(549) 217-7182"
184,"Robert Ayers","2162 Michael Crossing","TX","Austin",1403,"(122) 573-6840"
185,"Terri Sullivan","1378 Jackson Canyon Apt. 050","TX","Dallas",5926,"(372) 320-0225"
186,"Monique Oneill","6938 Robinson Shoals","OH","Toledo",21366,"(032) 622-0674"
187,"Danielle Farmer","418 Connie Junctions Apt. 392","MA","Worcester",60729,"(802) 121-5917"
188,"Amanda Chavez","68951 Sullivan Ports","OH","Columbus",42785,"(410) 159-6665"
189,"Lisa Massey","199 Barton Point","TN","Chattanooga",34189,"(411) 195-8543"
190,"Linda Brown","689 Hicks Mission Suite 135","TX","Houston",10036,"(860) 627-1558"
191,"Charles Galvan","51495 Lopez Walk","CA","Sacramento",75108,"(072) 352-3666"
192,"Mary Rivera","60568 Cody Ford","TX","Dallas",18252,"(083) 459-8299"
193,"Pamela Harris","35184 John Corner","CA","San Diego",84393,"(060) 459-4660"
194,"Jean Harper","44066 Frazier Causeway","NC","Durham",59852,"(376) 451-1395"
195,"Rebecca Everett","18071 Terri Coves","CA","San Diego",75521,"(356) 238-9234"
196,"Lindsey Wise","98276 Seth Route","VA","Newport News",78479,"(090) 359-3588"
197,"Barry Ortega","9608 Reed Route","CA","Sacramento",52184,"(432) 049-4344"
198,"Joseph Ward","500 Thornton Village Apt. 437","CA","San Diego",61159,"(412) 149-6565"
199,"Richard Carr","39486 Howard Walks","NC","Raleigh",19559,"(009) 134-7602"
200,"Russell Maldonado","568 Bennett Forks Suite 918","TX","Austin",18330,"(951) 302-0440"
201,"Haley Richardson","7520 Fletcher Knolls","CA","Sacramento",55195,"(933) 351-8205"
202,"Rebecca Peterson","2222 Samuel Ford","IL","Rockford",52667,"(593) 568-2399"
203,"Bethany Jackson","0382 Samantha Mews","OH","Cincinnati",97223,"(068) 635-7556"
204,"Michelle Garcia","097 Butler Terrace","TX","Houston",61886,"(088) 044-5452"
205,"Maria Peterson","26744 Ryan Springs Apt. 604","FL","Orlando",7556,"(783) 374-7311"
206,"Monica Gordon","1020 Matthew Road","GA","Macon",27918,"(335) 283-7398"
207,"Alicia Kelley","9313 Brewer Neck","CA","Sacramento",31928,"(856) 701-7929"
208,"Samuel Rowe","343 Diaz Fields Suite 424","MA","Springfield",10029,"(100) 933-9609"
209,"Ryan Shaffer","70090 Harrison Neck","TX","Houston",8975,"(335) 628-0715"
210,"Michael Johnson","5352 Jennifer Ramp","NJ","Elizabeth",36790,"(355) 957-8385"
211,"Amy Salinas MD","098 Matthew Mount Apt. 587","FL","Orlando",66244,"(500) 685-0799"
212,"Lori Chapman","54576 Turner Squares","IL","Springfield",35819,"(795) 479-5991"
213,"Mr. Matthew Ellis","697 Burke Island Suite 350","OH","Cleveland",63177,"(989) 901-3619"
214,"Heather Rice","4005 Williams Parks Apt. 899","NJ","Trenton",7030,"(807) 181-8497"
215,"Richard Hendrix","2688 Kenneth Rest","CA","San Jose",6074,"(836) 761-2034"
216,"Marcia Walter","81684 Miller Spur Apt. 190","NJ","Trenton",70494,"(458) 563-4325"
217,"Antonio Jones","090 Nicole Coves","TX","San Antonio",89928,"(011) 108-2958"
218,"Michael Bailey","6296 Barber Burgs Suite 467","GA","Augusta",72663,"(395) 927-6427"
219,"Pamela Wiggins","867 Sharon Pass Suite 343","TX","Fort Worth",53440,"(867) 812-8972"
220,"Barbara Wheeler","829 Laura Ports","CA","San Diego",44101,"(200) 972-8496"
221,"William Mcguire","0812 Amy Shores Apt. 447","PA","Philadelphia",53113,"(168) 426-0797"
222,"Tammy Cobb","2727 Hudson Points","NC","Raleigh",47844,"(519) 778-1724"
223,"Eric Smith","71294 Joann Causeway","CA","San Diego",97657,"(674) 679-0828"
224,"Jennifer Ramirez","199 Nelson Freeway","CA","San Francisco",27637,"(700) 528-9308"
225,"Charles Torres","29125 Brandon Squares Suite 522","PA","Reading",72562,"(410) 416-4480"
226,"Ronnie Collins","5616 Sweeney Turnpike","CA","Sacramento",95754,"(801) 077-6359"
227,"Ricardo Smith","1688 Richardson Walk","PA","Allentown",77824,"(318) 298-6472"
228,"Valerie Hughes","08957 Nicole Junctions Apt. 966","NY","Rochester",56250,"(551) 716-4199"
229,"Emily Lowery","3593 Thompson Lodge","CA","San Francisco",37511,"(119) 121-3077"
230,"Marie Randall","4801 Austin Harbors Apt. 877","PA","Erie",27509,"(424) 042-1770"
231,"Johnathan Hawkins","140 Adam Ferry","MI","Sterling Heights",95053,"(147) 952-1405"
232,"Kenneth Rivera","7390 Miller Plaza","CA","San Francisco",3342,"(553) 984-6115"
233,"Angela Carter","63841 Shelton Lakes","CA","Los Angeles",52232,"(191) 571-4858"
234,"Michael Rogers","4327 Spencer Heights Apt. 497","TX","Austin",85859,"(110) 597-1055"
235,"Leslie Gray","18779 Jody Expressway","AZ","Mesa",12435,"(222) 386-4896"
236,"Kyle Horton","9491 Aguilar Parkways Suite 115","CA","San Diego",97009,"(177) 933-3125"
237,"Michael Woodward","81811 Davis Loaf Suite 255","NY","Buffalo",3972,"(253) 782-9769"
238,"Madison Myers","341 Durham Motorway","NC","Charlotte",14496,"(443) 388-1989"
239,"Ashley Jones","61903 Phillip Path Apt. 466","CA","Los Angeles",70632,"(419) 070-4768"
240,"Jacqueline Weaver","57027 Brown Harbors","TX","Fort Worth",32518,"(756) 292-7275"
241,"Joseph Rogers","176 David Street Suite 924","GA","Columbus",62961,"(831) 422-4534"
242,"Adrienne Owen","5442 Rick Field","TX","Austin",67084,"(383) 302-1544"
243,"Diana Lee","78045 Brown Brook","TX","Houston",24411,"(335) 151-0753"
244,"Anthony Davis","2254 Taylor Village","PA","Pittsburgh",81089,"(547) 273-1867"
245,"Christopher Dawson","457 Delgado Path Suite 685","TX","Austin",66024,"(953) 469-6192"
246,"Mr. Gregory Mitchell DDS","016 Christopher Field Suite 596","MI","Lansing",65957,"(386) 086-4527"
247,"Jody Gibson","085 Donald Ports","IL","Champaign",55451,"(446) 173-6483"
248,"Catherine Tran","77500 Green Coves","TX","Dallas",55218,"(814) 809-7112"
249,"Lauren Hernandez","44770 Calvin Bypass Suite 540","NJ","Newark",46531,"(320) 292-3519"
250,"Melissa Clayton","009 Blair Road","GA","Columbus",45543,"(784) 515-2720"
251,"Aaron Lee","24550 Tyler Park","NC","Charlotte",50535,"(054) 841-8378"
252,"Benjamin Thomas","75478 Carla Orchard Apt. 028","MA","Lowell",57498,"(743) 191-3033"
253,"Elizabeth Ellis","39322 Wolf Tunnel","TX","Houston",8125,"(298) 860-6692"
254,"Christopher Dennis","999 Darren Knoll","GA","Macon",2820,"(427) 995-0519"
255,"Ashley Jackson","8961 David Inlet Apt. 412","CA","San Jose",16823,"(446) 632-0681"
256,"Eduardo Marshall","298 Beck Forges Apt. 684","NY","Rochester",24088,"(282) 179-8227"
257,"Steven Harvey","946 Brian Mills Apt. 179","CA","Los Angeles",61204,"(203) 723-4102"
258,"Jack Franklin","707 Carrie Crest Suite 850","IL","Peoria",78946,"(132) 269-4048"
259,"Dr. Eric Walton","62802 Nathan Way Apt. 554","MA","Cambridge",96927,"(863) 443-2093"
260,"Kimberly Wilson","8043 Kelly Lights","CA","San Diego",9872,"(045) 611-3085"
261,"Luis Lutz","310 Jerry Village","CA","San Jose",30837,"(988) 768-2103"
262,"Dustin Oconnor","48306 Norris Forge Suite 708","NC","Winston-Salem",98744,"(917) 230-6437"
263,"Mr. Alex Miller","8767 Martinez Isle Suite 998","TX","San Antonio",43111,"(285) 565-4030"
264,"Matthew Hernandez","099 Campbell Canyon","IL","Chicago",93226,"(440) 896-9761"
265,"Blake Miller","2330 Timothy Squares","MI","Grand Rapids",1582,"(433) 478-9531"
266,"Crystal Small","06392 Harrison Mission Apt. 891","CA","Los Angeles",68995,"(969) 818-1113"
267,"Tiffany Williams","3531 Brown Trail","TN","Nashville",209,"(842) 401-5758"
268,"Theresa Lowe","41349 Kelly Fort Apt. 204","NJ","Jersey City",9227,"(712) 446-0518"
269,"Nicholas Payne","99509 Kayla Lights","NY","Albany",28121,"(214) 541-7431"
270,"Craig Stanley","8199 Chandler Vista","NY","Syracuse",37415,"(654) 755-3855"
271,"Donald Shaffer","427 Williams Valleys Apt. 636","CA","Sacramento",97556,"(181) 831-3343"
272,"Spencer Jacobson","247 Schaefer Centers","PA","Pittsburgh",14318,"(356) 020-6841"
273,"Howard Tyler","0583 Baldwin Ramp","FL","Orlando",59430,"(645) 556-2709"
274,"Samantha Weiss","7592 Huber Spurs Suite 494","IL","Rockford",1504,"(028) 136-8615"
275,"Amanda Ross","94890 King Flat","CA","San Diego",16110,"(376) 734-4031"
276,"Paul Andrews","94725 Barbara Street Suite 663","FL","Tampa",26235,"(063) 437-0152"
277,"Sheila Cline","2361 Eric Cliffs Apt. 575","MI","Grand Rapids",30379,"(979) 192-1366"
278,"Matthew Valdez","48792 Robert Dale","TN","Knoxville",38979,"(179) 120-9625"
279,"Yesenia Brown","226 Anna Vista","NJ","Trenton",61539,"(166) 344-5554"
280,"Jennifer Woodard","305 Stephanie Point Suite 195","CA","Los Angeles",28169,"(534) 269-1840"
281,"David Henson","56808 Annette Meadows","FL","Fort Lauderdale",46037,"(424) 154-0268"
282,"Ashley Hobbs","227 Garcia Camp","NC","Durham",94120,"(134) 074-2835"
283,"Christopher Cook","986 Flores Orchard Suite 109","MA","Worcester",78518,"(378) 518-3560"
284,"Robert Watson","9136 John Plaza","NY","New York",64948,"(156) 491-8082"
285,"Robert Nelson","492 Michelle Trail Apt. 852","VA","Virginia Beach",56035,"(891) 864-0876"
286,"Kenneth Smith","9175 Jeffrey Flat Suite 768","PA","Allentown",12398,"(106) 623-5290"
287,"Colton Gray","6687 Felicia Springs","MI","Detroit",92550,"(506) 074-6256"
288,"Johnny Solis","7779 Jennifer Summit","CA","San Diego",64287,"(404) 457-2568"
289,"Christopher Pope","21499 Guzman Lodge","NY","Rochester",11317,"(984) 354-4022"
290,"Brandon Smith","872 Golden Plains Suite 896","CA","San Diego",95546,"(916) 323-3014"
291,"Brianna Stewart","4582 Davis Motorway Suite 514","NC","Winston-Salem",54859,"(136) 509-1539"
292,"Stephen Allen","84215 Krista Crossing Suite 985","CA","San Francisco",71949,"(293) 662-5912"
293,"Rebecca Gutierrez","8854 Cuevas Terrace Suite 896","PA","Reading",59746,"(220) 610-1045"
294,"David Smith","9637 Johnston Crossing Suite 820","NJ","Newark",85888,"(697) 757-4495"
295,"Patricia Wong","9579 Johnson Circles","TX","Houston",99401,"(397) 712-6217"
296,"Dustin Gay","8304 Nathan Way Suite 221","TX","San Antonio",43761,"(728) 766-6955"
297,"Samuel Perez","66561 James Hills","NC","Winston-Salem",97993,"(361) 536-5745"
298,"Bobby Scott","96859 William Key Apt. 208","TX","Dallas",58971,"(040) 082-7102"
299,"Christopher Clark","89543 Kimberly Ports","PA","Erie",61888,"(756) 789-9328"
300,"Brian Kim","59469 Steven Center","AZ","Mesa",43636,"(880) 685-2678"
301,"Jennifer Russell","58857 Victoria Pike Suite 331","PA","Philadelphia",33496,"(103) 844-0047"
302,"Alexander Hart","46171 Webb Ridges","OH","Toledo",53173,"(623) 549-5990"
303,"Terry Lewis","0648 Jones Plains","MI","Grand Rapids",65425,"(758) 705-6807"
304,"Brandon Sullivan","32147 William Shoal","NY","Rochester",53732,"(472) 012-9264"
305,"Daniel Hunter","1282 Hampton Village","NC","Charlotte",14193,"(701) 616-0481"
306,"Diane Stewart","78619 Cruz Vista","PA","Allentown",81067,"(714) 585-7513"
307,"Taylor Jackson","0934 Meghan Ford","AZ","Chandler",68832,"(241) 669-3372"
308,"Kimberly Kelley","8075 Shelby Expressway","MI","Grand Rapids",78091,"(842) 173-8553"
309,"James Fisher","8667 David Well Apt. 175","NY","New York",33912,"(450) 880-6865"
310,"Sean Green","397 Christy Squares","NC","Durham",32448,"(094) 745-2579"
311,"Steven Adams","47694 Owens Keys","NY","Buffalo",64463,"(087) 870-1355"
312,"Damon Dawson","54520 Jonathan Ferry","TX","Austin",46682,"(321) 486-3231"
313,"Ms. Alexis Newman DVM","4025 Jeremy Lights Suite 658","IL","Rockford",2966,"(529) 215-4181"
314,"Stephen Brown","391 Barbara Ferry","PA","Allentown",76251,"(374) 442-9108"
315,"Kelly Lynch","42588 Huynh Path Apt. 825","TX","Dallas",96764,"(704) 310-5184"
316,"Crystal Payne","271 Estrada Keys","NC","Durham",61386,"(241) 090-0913"
317,"Natalie Smith","612 Simmons Viaduct Apt. 228","CA","Los Angeles",34200,"(820) 017-1046"
318,"Julia Malone","255 John Ford","NY","Buffalo",63376,"(505) 376-0184"
319,"Breanna Johnson","785 Kerr Lake Apt. 581","TX","Houston",27421,"(063) 285-2669"
320,"Tiffany Hopkins","6540 Aaron Route","NJ","Trenton",50566,"(594) 695-4340"
321,"Megan Hudson","532 Brewer Cliff Suite 577","TX","Austin",722,"(586) 558-9676"
322,"Laura Vargas","9142 Cole Creek Suite 703","FL","Miami",64812,"(590) 411-5038"
323,"Ashley Castillo","104 Melissa Terrace Apt. 010","IL","Rockford",16173,"(754) 272-8765"
324,"Erica Brewer","38081 Johnson Burg","GA","Savannah",26089,"(012) 062-5052"
325,"Sarah Wood","61901 Willis Forges","AZ","Mesa",63448,"(744) 628-5464"
326,"Christopher Moreno","008 Gaines Dale","CA","San Francisco",34441,"(556) 040-8396"
327,"Aaron Padilla","52405 James Spurs","PA","Reading",18043,"(157) 385-4242"
328,"Carlos Marshall","461 Morris Street","NC","Charlotte",21852,"(679) 158-3200"
329,"Emily Ellis","7374 Dominique Squares","OH","Toledo",16258,"(410) 035-7405"
330,"Tara Weaver","94240 Donald Drive Suite 787","OH","Toledo",81936,"(524) 262-8922"
331,"Austin Kennedy","25503 Porter Summit","TX","San Antonio",79495,"(742) 160-4382"
332,"Garrett Clarke","83565 Andrea Causeway","NJ","Elizabeth",15385,"(797) 780-9245"
333,"Christopher Meyer","62519 Massey Light Suite 299","CA","Sacramento",72561,"(520) 360-0398"
334,"Danny Zimmerman","9809 Mark Estates","CA","San Jose",59437,"(709) 434-8428"
335,"Angela Jones","70496 Andrew Branch Apt. 143","TX","San Antonio",62870,"(973) 468-4074"
336,"Jason Mcguire","96175 Tracy Drives Apt. 841","OH","Akron",26957,"(090) 597-4511"
337,"Jessica Roberson","3536 Luna Square","GA","Savannah",10293,"(628) 750-7838"
338,"Joshua Bryant","443 Maria Crescent","NC","Durham",39111,"(407) 014-1979"
339,"Jill Richards","08885 Aaron Flat Suite 460","NY","New York",11525,"(025) 315-0409"
340,"Kayla Vasquez","7150 Kristen Spur","TX","Dallas",67959,"(282) 563-6912"
341,"Heather Smith","20498 Stacey Fork Apt. 249","IL","Rockford",34375,"(020) 139-2759"
342,"Larry Bolton","21946 Morales Landing Suite 414","PA","Erie",4062,"(178) 638-0300"
343,"Debbie Hughes","695 Douglas Ridges Suite 670","TN","Clarksville",24411,"(512) 142-1924"
344,"Megan White","318 Steve Crossing Apt. 858","PA","Pittsburgh",77106,"(157) 947-5361"
345,"Heather Mitchell","2211 Woods Course Suite 114","OH","Cleveland",61444,"(395) 833-1367"
346,"Brittany Johnson","26283 Kelly Vista","IL","Peoria",73322,"(898) 525-6828"
347,"Danielle Costa","25468 Smith Fall Apt. 271","OH","Columbus",77208,"(725) 567-7514"
348,"Amy Lynn","1601 Christian Course","CA","San Jose",11616,"(917) 237-4534"
349,"Sarah Henry","14537 James Parkway","MA","Boston",70578,"(687) 608-3085"
350,"Sherry Cortez","62298 Wu Lodge","GA","Savannah",42823,"(502) 099-3935"
351,"Matthew Reynolds","267 Mckenzie Trace","NY","Albany",48481,"(585) 883-5581"
352,"Julia Cortez","74402 Joseph Wells Apt. 711","NJ","Trenton",78237,"(803) 758-2376"
353,"Bethany Brown","7027 Guerrero Islands","IL","Chicago",35357,"(807) 859-3922"
354,"Jacob Anderson","5298 Anthony Alley","OH","Columbus",38407,"(413) 909-5472"
355,"Alyssa Williamson","7007 Tony Island Suite 814","NY","Syracuse",62817,"(607) 271-5075"
356,"Sarah Chen","00761 Denise Brooks","IL","Rockford",78061,"(874) 114-3822"
357,"Kyle Riley","23678 Melissa Passage","OH","Akron",65316,"(191) 525-2829"
358,"Kimberly Sawyer","830 Wyatt Circles Apt. 912","MI","Sterling Heights",95111,"(364) 342-4868"
359,"Danielle Brown","035 Cynthia Dam Suite 906","FL","Jacksonville",1174,"(752) 705-5282"
360,"William Moore","191 Adam Islands Apt. 829","FL","Tampa",56320,"(803) 854-5690"
361,"April Hall","7831 Lisa Mills Suite 014","CA","San Diego",27148,"(488) 489-8990"
362,"Joanne Ellis","79281 Anderson Grove","CA","San Francisco",18139,"(637) 470-1138"
363,"David Brooks","33607 Burke Branch Suite 727","PA","Philadelphia",66855,"(382) 903-0712"
364,"Edward Massey","85658 Emily Mall","MA","Boston",83692,"(851) 254-8711"
365,"Melissa Brown","34248 Franco Cape","FL","Miami",16013,"(364) 702-9825"
366,"Diana Kim","3636 Herrera Trace Apt. 513","TX","Fort Worth",59292,"(175) 342-1145"
367,"Thomas Thompson","81645 Melissa Forks Apt. 100","GA","Macon",50634,"(618) 151-5936"
368,"John Orr","3870 Ronnie Plains","PA","Reading",8190,"(088) 948-4265"
369,"James Martin","86248 Diaz Valleys","NY","Syracuse",8132,"(393) 030-5078"
370,"John Matthews","2023 Susan Glen","OH","Cincinnati",80134,"(573) 688-1201"
371,"Michael Burton","772 Meredith Loop Suite 382","GA","Augusta",93382,"(073) 503-1551"
372,"Cindy Bradley","892 Barnes Trace","CA","San Diego",74103,"(964) 128-1595"
373,"William Brewer","1733 Nicole Manors Suite 968","CA","San Jose",71372,"(262) 117-0465"
374,"Daniel Smith","42510 Adam Lodge","CA","Los Angeles",87489,"(347) 502-4046"
375,"Christina Griffith","804 Richardson Trace Apt. 715","TX","San Antonio",60094,"(025) 750-6576"
376,"Stephanie Martin","13463 Brian Springs Suite 550","CA","Los Angeles",30152,"(838) 813-3195"
377,"Jeffrey Wright","83657 Ashley Ways","TX","Fort Worth",42329,"(834) 383-4923"
378,"Zachary Benjamin","935 William Loaf Suite 504","FL","Miami",34828,"(026) 476-0220"
379,"Catherine Ware","23036 Cynthia Fords","PA","Erie",42953,"(634) 072-3607"
380,"Joseph Wright MD","4483 James Field","MI","Detroit",81762,"(024) 802-9223"
381,"Jesus Brown","513 Omar Shoals Suite 435","NY","Syracuse",60405,"(213) 324-4021"
382,"James Jackson","227 Miller Motorway","NY","New York",17042,"(872) 367-2517"
383,"Barbara Wright","2790 Christine Pine Suite 519","TX","Austin",49550,"(759) 184-7737"
384,"Grace Brady","561 Bentley Estates Apt. 719","CA","San Jose",61173,"(053) 465-3581"
385,"Belinda Olson","286 Linda Centers","CA","San Diego",31326,"(046) 940-8870"
386,"Brittany White","0620 Schultz Rue Suite 685","GA","Macon",11365,"(231) 697-9298"
387,"Paige Stanley","57815 Wilson Fords","MA","Boston",57812,"(521) 161-4033"
388,"Amber Brown","58010 Dana Hollow","NY","Albany",50448,"(532) 132-5358"
389,"Edward Wilson","218 Jacqueline Crescent Apt. 484","TX","Austin",87703,"(925) 194-6001"
390,"Paul Hahn","14129 Christopher Cliff","NY","New York",93057,"(727) 080-9974"
391,"Kristin Medina","3328 Ross Locks Apt. 035","CA","San Diego",53443,"(406) 225-8351"
392,"William Heath","718 Osborne Springs","CA","San Diego",84634,"(716) 242-7993"
393,"Michael Green","8945 Velasquez Hill Suite 404","FL","Jacksonville",10618,"(077) 594-5530"
394,"Amanda Davies","0139 Bailey Lock","TX","San Antonio",71931,"(849) 825-7352"
395,"David Pitts","422 Helen Brook","MI","Lansing",74043,"(382) 468-7147"
396,"Thomas Johnson","20882 Harris Crescent Apt. 426","CA","San Francisco",22339,"(955) 794-2825"
397,"Stephen Alvarez","86912 Crystal Oval Apt. 208","FL","Orlando",23417,"(887) 776-8093"
398,"Taylor Miller","02435 Smith Cliffs","NY","Rochester",83258,"(429) 426-1419"
399,"Karen Hughes","50749 Miller Hill","FL","Miami",22707,"(855) 198-5754"
400,"Raymond Perez","704 Rice Unions Suite 388","CA","San Francisco",84224,"(129) 226-0360"
401,"Amber Vazquez","200 Young Inlet Suite 624","GA","Atlanta",792,"(146) 049-5323"
402,"Rebecca Harris","02575 Cynthia Lodge Apt. 565","CA","San Francisco",30995,"(040) 355-1033"
403,"Alexander Oneill","6780 Catherine Roads","FL","Fort Lauderdale",70817,"(776) 274-3207"
404,"Christina Rodgers","682 Bush Landing","TX","Fort Worth",5012,"(966) 837-7643"
405,"Brandy Hale","2464 James Prairie","OH","Toledo",63876,"(700) 292-7973"
406,"Kevin Powell","1840 Fleming Groves","CA","San Jose",39813,"(480) 181-7355"
407,"Luke Dyer","82805 Nguyen Estate","NY","Syracuse",79403,"(035) 318-9838"
408,"Shane Grant","19318 Navarro Roads","CA","Sacramento",7913,"(658) 394-7608"
409,"Jason Gonzales","647 Shields Burg Apt. 846","MI","Grand Rapids",65081,"(195) 713-3620"
410,"Lucas Powers","77203 Warren Corner","FL","Orlando",20776,"(417) 186-1588"
411,"James Fitzpatrick","61846 Scott Key Suite 303","TX","San Antonio",54631,"(573) 993-9563"
412,"Christopher Zimmerman","5483 Doyle Heights","IL","Peoria",34728,"(070) 524-4259"
413,"Gregory Prince","12541 Dawn Parkway","IL","Springfield",13743,"(662) 648-6645"
414,"Mindy Boyle","1182 Hinton Flat","TX","San Antonio",10756,"(127) 998-1904"
415,"Patricia Raymond","2254 Taylor Heights","NY","Buffalo",53578,"(010) 303-5702"
416,"Andrew White","16213 Kathleen Knolls Apt. 835","CA","San Diego",96941,"(534) 255-1245"
417,"Erica Lewis","3953 Smith Walk","CA","San Diego",99329,"(552) 623-7498"
418,"Julie Richard","84310 Felicia Gateway","NY","New York",86878,"(421) 453-7824"
419,"Mary Graves","29741 Edwards Ferry Apt. 363","NY","Albany",76728,"(217) 300-5204"
420,"Christopher Acosta","78430 Michelle Ranch Suite 754","FL","Jacksonville",55801,"(667) 397-4350"
421,"Peter Park","42836 Kane Forges Apt. 310","CA","Sacramento",57689,"(374) 217-8228"
422,"Peter Scott","67072 Scott Walks","NC","Raleigh",98831,"(011) 023-6505"
423,"Jamie Taylor","12915 Riddle Union","IL","Chicago",81892,"(358) 086-7259"
424,"Charles Watson","771 Mack Lakes","CA","Los Angeles",1131,"(609) 253-2225"
425,"Caroline Gonzalez","630 Nathan Shores","FL","Miami",37702,"(025) 846-7489"
426,"David Moreno","275 Warren Dam","CA","San Francisco",61097,"(356) 173-2612"
427,"Katherine Johnson","823 Stokes Fields","MI","Detroit",39397,"(778) 103-4106"
428,"Michael Barrera","23609 Cynthia Forks","FL","Miami",19625,"(023) 148-7478"
429,"Kristin Horn","975 Gonzalez Island","PA","Philadelphia",82080,"(621) 375-6721"
430,"Kristina Holt","69716 Jesus Inlet Apt. 805","CA","San Diego",86830,"(873) 672-2962"
431,"Megan Sullivan","483 Melissa Junctions","CA","San Diego",17081,"(880) 341-8749"
432,"Amanda Jacobs","1003 Tammy Skyway Suite 362","AZ","Mesa",35044,"(677) 854-9820"
433,"Ronald Austin","868 Ashley Key","NJ","Paterson",74793,"(628) 958-0508"
434,"Jordan Dalton","1845 Jenna Trail","NY","Syracuse",17630,"(779) 460-5883"
435,"Jay Walker","79158 Emma Skyway","TX","Houston",93059,"(709) 872-9742"
436,"Thomas Cobb","9394 James Union Suite 229","CA","Sacramento",98280,"(188) 311-2821"
437,"Peter Carpenter","3937 Alexandra Throughway Apt. 211","NJ","Elizabeth",49032,"(767) 063-2293"
438,"Justin Garcia","1980 Chambers Rapids Apt. 054","NY","New York",18689,"(501) 855-4378"
439,"Richard Galvan","438 Sean Corner","IL","Springfield",4545,"(454) 655-2098"
440,"Corey Lopez","16978 Ryan Landing","MA","Worcester",39597,"(674) 876-7001"
441,"Austin Garcia","0082 Denise Drive","IL","Peoria",22085,"(171) 990-8393"
442,"Barbara Wallace","79888 Jessica Stream Suite 079","IL","Chicago",22246,"(159) 591-8770"
443,"Annette Austin","12210 Garcia Heights Apt. 216","NY","Buffalo",27631,"(045) 598-6094"
444,"Douglas Norris","184 Benjamin Lock","VA","Norfolk",25327,"(057) 222-3488"
445,"Bryan Sanders","08222 Kenneth Throughway Apt. 054","PA","Philadelphia",2430,"(018) 950-9399"
446,"Rodney Mayo","15066 Scott Mountain Apt. 016","CA","San Diego",98124,"(812) 459-5937"
447,"Karen Pratt","650 Eddie Creek","TX","Fort Worth",90055,"(955) 440-3277"
448,"Charles Maldonado","59176 Michelle Course","NY","Albany",39145,"(285) 110-1785"
449,"Stephen Guerra","402 Bryce Spur Apt. 806","AZ","Gilbert",56064,"(895) 699-3870"
450,"Ricardo Bush","8166 Lopez Port","NY","Buffalo",23651,"(211) 311-8105"
451,"Suzanne Griffin","51963 Anthony Skyway","TX","Austin",33751,"(893) 040-7589"
452,"Cassandra Lloyd","2217 Wood Forges Apt. 547","NC","Raleigh",39548,"(651) 280-2300"
453,"Spencer Pacheco","36747 Chen Shoal Apt. 058","PA","Allentown",74960,"(866) 995-2160"
454,"Timothy Dalton","3449 Christina Flats","NC","Durham",99730,"(424) 301-0005"
455,"Zachary Perry","66704 King Unions Suite 538","CA","Los Angeles",97341,"(368) 341-1217"
456,"Keith Hayes","60105 Robert Flat Apt. 567","CA","Sacramento",42037,"(117) 349-6806"
457,"Alex Johnson","75533 Kristine Locks","GA","Columbus",16726,"(415) 048-0330"
458,"Michael Moore","23766 Schmidt Common","NC","Winston-Salem",93883,"(363) 398-2740"
459,"Susan Lynch","2060 Jenny Green Suite 109","TX","Houston",77040,"(148) 226-8193"
460,"Jessica Hughes","6693 Kathleen Rest Suite 351","NC","Durham",12998,"(632) 315-2460"
461,"Paul Lee","984 Megan Ports","VA","Virginia Beach",76979,"(540) 605-1576"
462,"Ruben Miller","26879 Dixon Shoals Suite 267","NY","Buffalo",89116,"(728) 815-1191"
463,"David Leach","71335 Howard Meadow","FL","Tampa",7917,"(868) 408-9483"
464,"Sonya Mcmahon","6252 Love Ferry Apt. 007","PA","Erie",22637,"(884) 364-6718"
465,"Eric Baker","7513 Fox Branch Suite 894","GA","Atlanta",58962,"(943) 251-6275"
466,"James Fox","08580 Bean Heights Suite 745","CA","San Jose",74283,"(393) 739-6206"
467,"Michael Evans","1739 Henderson Springs","CA","Los Angeles",56180,"(153) 180-9515"
468,"James Murphy","591 Heather Prairie Apt. 376","CA","San Jose",33427,"(179) 560-4957"
469,"Rebecca Melendez","2831 Alvarez Plaza Suite 306","IL","Rockford",80256,"(916) 979-3899"
470,"Kelsey Hubbard","62011 Ashley Expressway Apt. 378","AZ","Gilbert",22201,"(827) 978-1497"
471,"Dana Johnson","66817 Audrey Underpass","CA","Sacramento",95232,"(450) 559-0226"
472,"Ricky Edwards","896 Pennington Isle","FL","Tampa",34944,"(940) 180-5525"
473,"Dean Gonzalez","56708 Smith Valley Apt. 209","TX","Dallas",71289,"(541) 315-6920"
474,"Paul Wilson","755 Hart Estate Suite 588","FL","Jacksonville",40328,"(751) 514-1062"
475,"Joseph Gonzalez","002 Amanda Course","MI","Lansing",56144,"(471) 433-3155"
476,"Nicole Wilkerson","91115 Renee Shoal","AZ","Gilbert",63129,"(917) 294-0449"
477,"Dennis Thompson","18644 Eric Ford Apt. 802","PA","Philadelphia",22103,"(226) 934-5261"
478,"Meredith Smith","62944 Dustin Circles","PA","Reading",27654,"(238) 997-7469"
479,"Robin Calderon","48185 Stanley Corner Apt. 045","TX","Austin",19791,"(519) 223-4916"
480,"Sergio Murillo","325 Jocelyn Union","TX","San Antonio",62686,"(211) 739-8372"
481,"Antonio Fox","35623 Lewis Street","TX","Fort Worth",43297,"(558) 503-3036"
482,"Nicole Tucker","8607 Patrick Burgs","NY","Rochester",74087,"(817) 807-7282"
483,"Thomas Smith","06987 Mason Ranch","PA","Pittsburgh",22907,"(348) 772-6842"
484,"Sheryl Burke","966 James Wall","IL","Champaign",76004,"(204) 238-4551"
485,"Lori Willis","748 Gallegos Causeway Suite 681","OH","Columbus",17214,"(650) 393-2692"
486,"Jason Smith","179 Nathan Orchard Suite 302","NY","Albany",23287,"(366) 194-9299"
487,"Adam Lee","939 Grimes Vista Apt. 765","PA","Philadelphia",90162,"(391) 914-7641"
488,"Chelsea Dunn","2308 Michael Brook","TX","Austin",92377,"(126) 269-3314"
489,"Curtis Clark","364 Armstrong Park","TX","Fort Worth",94895,"(101) 021-4227"
490,"Carl Thomas","904 Amy Mountain","NJ","Elizabeth",19935,"(279) 932-7921"
491,"Andrea Chapman","98631 Rogers Cliff","CA","Los Angeles",55086,"(781) 440-8431"
492,"Sara Snyder","7175 Susan Light Suite 935","TX","Fort Worth",29665,"(349) 541-3169"
493,"Ryan Browning","6993 Brian Drives","CA","San Francisco",15945,"(821) 375-6717"
494,"Darren Cook","00704 Acevedo Greens","NC","Durham",30692,"(806) 334-1517"
495,"Sherri West","901 Palmer Way","CA","Los Angeles",35632,"(642) 549-8421"
496,"Christopher Ortiz","392 James Parkways","FL","Tampa",84132,"(282) 739-9878"
497,"James Evans","4286 Moore Harbors Suite 098","IL","Peoria",18982,"(226) 653-5864"
498,"Timothy Marks","0734 Hoover Gateway Suite 675","NY","New York",69574,"(873) 405-2911"
499,"Allison Schneider","7122 James Gardens Apt. 330","PA","Pittsburgh",5820,"(283) 811-9296"
500,"John Guzman","7161 Edward Greens","MA","Worcester",8928,"(656) 549-8303"
501,"John Fleming","302 Lawson Shore","GA","Macon",14460,"(325) 831-2811"
502,"Adam Baker","72620 Myers Prairie Apt. 786","TX","Fort Worth",42142,"(324) 172-1754"
503,"Sheryl Le","51826 Berger Squares Apt. 187","CA","Sacramento",62062,"(319) 263-2525"
504,"Jeffery Meyer","54849 Melissa Corners","NY","Rochester",8350,"(346) 187-3392"
505,"Jessica Hobbs","33115 Adams Gateway","GA","Augusta",53616,"(105) 743-6063"
506,"Jared Howard","66534 John Freeway Suite 728","TX","Dallas",58419,"(349) 565-4888"
507,"Barbara Hanson","1788 Michael Viaduct Suite 650","CA","San Jose",60046,"(811) 030-7287"
508,"Mr. Jacob Frost Jr.","637 Burgess Tunnel","VA","Newport News",18417,"(930) 421-1762"
509,"Samantha Williams","69499 Eric Lodge","GA","Columbus",12289,"(010) 726-7868"
510,"Thomas Nguyen","393 Melanie Meadow Suite 494","TX","Dallas",20747,"(812) 757-3259"
511,"Edward Smith","825 David Dale","CA","Los Angeles",22881,"(835) 219-1671"
512,"Brandon Greene","3522 Perkins Stream","MI","Warren",25538,"(088) 026-9270"
513,"Donald Navarro","0563 David Shoals Apt. 878","OH","Columbus",43388,"(392) 749-7893"
514,"Christopher Jones","615 Scott Forest Suite 384","NJ","Newark",15509,"(097) 247-5741"
515,"Maria Sullivan","122 Herrera Trail Suite 726","PA","Erie",31355,"(917) 130-7143"
516,"Madison Peters","361 Mays Plaza Suite 309","CA","Sacramento",85231,"(036) 321-6049"
517,"Melissa Watson","8587 Haas Plain Suite 374","NJ","Elizabeth",59361,"(701) 461-8900"
518,"James Morrison","7072 Jackson Land Apt. 220","CA","San Diego",20334,"(105) 491-8963"
519,"Brian Parker","3501 Robert Mountains","NC","Charlotte",57233,"(203) 430-1942"
520,"David Olson","44640 Zachary Station Suite 368","TX","Houston",35414,"(177) 450-4446"
521,"Corey Macdonald","322 Kelli Estates","CA","San Jose",20227,"(054) 311-1143"
522,"Gabriel Smith","52482 Serrano Burg Apt. 022","NY","Syracuse",69610,"(679) 050-5257"
523,"Christopher Morales","42942 Knight Lodge","IL","Chicago",39687,"(845) 919-2382"
524,"William Adams MD","078 Adams Mountains","FL","Fort Lauderdale",48639,"(585) 635-4094"
525,"Angela Hernandez","7318 Lester Vista","VA","Chesapeake",88638,"(074) 985-8721"
526,"Chris Webb","7298 Joel Street","FL","Miami",80387,"(128) 498-6672"
527,"Scott Powell","41028 Aguirre Place","PA","Philadelphia",32731,"(754) 851-3568"
528,"Laura Clark","2393 Matthew Road","CA","San Diego",66101,"(130) 136-4726"
529,"Amanda Cline","50992 Molly Road","OH","Cleveland",90761,"(698) 942-1851"
530,"Kristen Holloway","27636 Karen Brooks","PA","Allentown",65096,"(018) 394-8067"
531,"Eddie Adams","44992 Stewart Alley Apt. 407","NC","Greensboro",66824,"(795) 783-6745"
532,"David Summers","880 Marshall Passage Suite 196","NC","Charlotte",41477,"(292) 682-0146"
533,"Samantha Hicks","455 Megan Inlet","FL","Fort Lauderdale",85860,"(718) 123-7485"
534,"Jennifer Lopez","333 Huffman Avenue Suite 968","GA","Atlanta",88376,"(535) 256-2500"
535,"Erik Myers","002 Ramos Curve","NC","Winston-Salem",43769,"(124) 315-6276"
536,"Trevor Cooper","38434 Jacqueline Lock","NY","Buffalo",2938,"(656) 886-3682"
537,"Mary Stevens","822 Amber Curve","NY","Syracuse",31980,"(921) 560-8775"
538,"Joseph Jones","79416 Allen Drive Suite 135","FL","Orlando",16253,"(872) 261-9259"
539,"Kevin Moore","67596 Peggy Glens","NC","Raleigh",37734,"(383) 039-2584"
540,"Ronald Young","6509 Duncan Ville","CA","San Jose",52286,"(227) 776-5640"
541,"Aaron Guzman","27290 Holmes Lodge Suite 120","FL","Jacksonville",64591,"(878) 210-9481"
542,"Mr. Michael Stephenson","46555 Larry Forge","CA","San Francisco",12574,"(248) 872-0070"
543,"Amanda Williams","31004 Hicks Island","CA","San Diego",459,"(645) 287-7282"
544,"Jennifer Villegas","46399 Jessica Course Suite 521","NC","Winston-Salem",79785,"(544) 514-6095"
545,"Nicole White","23229 Jennifer Locks","FL","Fort Lauderdale",27487,"(535) 678-7768"
546,"Gregory Travis","136 Waller Canyon","FL","Miami",44294,"(546) 321-3767"
547,"Hector Guzman","2548 Greg Valley","TX","Austin",34657,"(211) 682-9065"
548,"Christopher Griffith","695 Johnson Mission","CA","San Francisco",29370,"(769) 780-0436"
549,"John Sutton","972 Clark Falls","FL","Orlando",87912,"(893) 312-4057"
550,"Maria Young","06011 Calvin Island Apt. 187","NY","New York",49391,"(866) 156-9432"
551,"Walter Mendez","79437 Clark Grove","CA","Los Angeles",59604,"(904) 978-6017"
552,"Scott Perez","804 Debra Valley","AZ","Phoenix",61608,"(390) 624-9088"
553,"Emily Hughes","4800 Jeffrey Canyon","TX","San Antonio",29044,"(391) 724-8029"
554,"Amanda Sosa","4710 Zachary Falls","IL","Peoria",92899,"(524) 098-4042"
555,"Ronald Davis","28975 Williams Field","NJ","Trenton",34647,"(299) 989-5113"
556,"Jason Mayer","5101 Hall Skyway","CA","Los Angeles",80132,"(265) 442-6742"
557,"Zachary Gordon","5301 Ferguson Tunnel Suite 635","FL","Miami",95504,"(622) 106-0377"
558,"Andrew Shaffer","534 Joseph Summit Suite 696","MA","Lowell",34443,"(605) 474-3927"
559,"Christina Hernandez","65365 Jefferson Road","FL","Jacksonville",2031,"(787) 600-0125"
560,"Thomas Burton","570 Dennis Ferry","MA","Lowell",26837,"(140) 290-0714"
561,"Donald Massey","3853 Charles Land","IL","Peoria",45646,"(230) 006-4908"
562,"Harry Bryan","4426 French Ports Suite 979","OH","Toledo",81433,"(475) 950-9686"
563,"Melissa Townsend","94536 Hall Stravenue","TX","Austin",76550,"(072) 246-0229"
564,"Steven Brown","1782 Danny Crossroad Suite 656","NY","Albany",89454,"(905) 056-6959"
565,"Jason Lopez","8795 Evelyn Mountains","OH","Columbus",90971,"(144) 490-7233"
566,"Richard Williams","57774 Jill Stravenue","NJ","Jersey City",65263,"(714) 834-3155"
567,"Aaron Mcdaniel","88359 Walker Circle Suite 366","TX","Dallas",36183,"(734) 936-2786"
568,"Amanda Wells","325 Barbara Mission Apt. 706","TX","Fort Worth",15543,"(798) 034-6960"
569,"Andrea Wolf","507 Murphy Lodge","OH","Columbus",2396,"(904) 964-4989"
570,"April Smith","54171 Moore Fall","CA","Los Angeles",34732,"(570) 216-5233"
571,"Brittany Cameron","63010 Lewis Expressway Apt. 556","PA","Allentown",92025,"(360) 577-5287"
572,"Melissa Hopkins","5777 Jon Ways Suite 327","FL","Tampa",11451,"(081) 841-7451"
573,"Tamara Thompson","20798 James Cliffs","NC","Durham",16900,"(440) 786-2058"
574,"Gregory Cortez","0869 Bernard Well Apt. 773","NJ","Newark",84200,"(249) 315-2603"
575,"Krista Williams","6122 Ingram Lights","MI","Warren",27556,"(287) 842-5782"
576,"Elizabeth Russo","452 Lowe Station","CA","San Jose",8387,"(976) 058-3509"
577,"Renee Conley","180 Ramirez Union","CA","Los Angeles",84159,"(484) 383-6478"
578,"Sandra Hall","61512 Flores Common","CA","San Francisco",42207,"(635) 771-7551"
579,"Aaron Gallegos","72046 Hopkins Shore Suite 400","OH","Cincinnati",34322,"(565) 557-0798"
580,"David Peterson","55353 King Parks","PA","Reading",54076,"(156) 764-7726"
581,"Rebecca Brown","31997 Johnson Dale Apt. 565","GA","Columbus",1024,"(060) 931-4146"
582,"Natalie Rodriguez","66410 Lisa Center","IL","Champaign",15173,"(834) 676-0875"
583,"Michael Hardy","4633 Mercer Mountains Apt. 415","IL","Chicago",5656,"(788) 871-3650"
584,"Timothy Wilson","647 Marvin Locks","TX","San Antonio",99145,"(635) 585-7437"
585,"Jessica Rush","1002 Jason Burg Apt. 268","AZ","Phoenix",39164,"(178) 536-9101"
586,"Willie Weaver","57872 Miguel Ports Suite 270","IL","Champaign",31414,"(353) 169-9347"
587,"Erika Brennan","131 Avila Islands","NY","Albany",48538,"(913) 757-6958"
588,"Kelly Sutton","155 Karla Stream","OH","Toledo",37651,"(945) 255-0571"
589,"Steven Fisher","629 Glenda Loaf","NY","Rochester",95838,"(810) 649-7993"
590,"Elizabeth Thomas","71671 Clark Station Suite 188","NY","Buffalo",76358,"(684) 210-8235"
591,"Jason Smith","41222 Bryan Hollow","MA","Worcester",88064,"(871) 971-4250"
592,"Leonard Rosario","6466 William Station Suite 605","FL","Fort Lauderdale",92901,"(329) 286-2658"
593,"Alex Wright","41981 Danielle Hill Apt. 169","PA","Erie",68004,"(596) 000-6534"
594,"Peter Taylor","06450 Smith Overpass Suite 221","NC","Raleigh",56432,"(252) 638-6540"
595,"Cheryl Stone","316 Reyes Ridge Apt. 799","CA","Sacramento",21388,"(072) 139-7839"
596,"Jenna Jackson","734 Bryant Grove","FL","Tampa",38829,"(784) 675-2999"
597,"Matthew Hardin","3612 Smith Station","OH","Cincinnati",46456,"(969) 459-2513"
598,"Richard Gibson","322 Navarro Prairie Apt. 365","MI","Warren",46887,"(976) 750-2138"
599,"Victoria Newman","8485 Stone Lane","FL","Jacksonville",69981,"(568) 499-5689"
600,"Diana Perez","7841 Perez Light Apt. 885","PA","Erie",1625,"(314) 711-9637"
601,"Chelsea Costa","927 Brown Radial","NJ","Newark",20361,"(183) 364-5662"
602,"Derek Wilson","342 Kari Park Apt. 899","FL","Orlando",56408,"(193) 798-8915"
603,"Alyssa Villa","39663 Peterson Throughway Suite 996","TX","San Antonio",69376,"(400) 699-9128"
604,"Andrea Williamson","132 Kim Row Apt. 474","TX","San Antonio",21278,"(191) 110-4756"
605,"Tami Sanchez","939 Dalton Ports Apt. 329","IL","Rockford",9922,"(490) 920-2075"
606,"Stephen Taylor","1461 Brooks Streets Suite 263","FL","Orlando",18971,"(151) 667-8756"
607,"Kenneth Wilcox","8490 Robert Throughway","FL","Miami",70909,"(997) 909-3667"
608,"Derek Jones","794 Kenneth Glen Apt. 952","PA","Philadelphia",82993,"(239) 617-1910"
609,"Jacob Johnson","599 Clifford Shores","PA","Philadelphia",23332,"(832) 597-8296"
610,"Jessica Dean","369 Natalie Stream","PA","Reading",35527,"(755) 128-5515"
611,"Brett Cole","603 Willis Fall Apt. 587","NY","Rochester",61755,"(652) 650-6862"
612,"Nathaniel Kelley","56505 French Canyon Suite 987","NY","Syracuse",24401,"(536) 535-0386"
613,"Samantha Mays","59379 Erin Squares","CA","San Jose",68841,"(527) 197-1725"
614,"Megan Rodriguez","7833 Tammy Way","MI","Grand Rapids",31330,"(462) 385-1348"
615,"James Castillo","956 Gilbert Junction","CA","San Diego",50964,"(245) 567-0026"
616,"Colton Thomas","81480 Charles Fort Apt. 991","PA","Allentown",19812,"(942) 097-5567"
617,"Mario Daniel","1534 Brent Shoal Suite 982","NY","New York",58550,"(943) 343-3313"
618,"Steven Parker","97090 Daniel Road","NY","Buffalo",17632,"(433) 233-0361"
619,"Gary Foster","3838 Katherine Falls Suite 781","NY","New York",67023,"(843) 770-4775"
620,"George Solomon","300 Shaw Route Apt. 502","OH","Toledo",1131,"(183) 463-5566"
621,"Paul Barnes","661 Kimberly Springs","TX","Fort Worth",20204,"(832) 526-1629"
622,"Robert Hughes","17614 Eileen Junction Apt. 373","FL","Tampa",65901,"(499) 706-9753"
623,"William Hodges","19472 Stewart Ports Apt. 696","OH","Akron",20480,"(240) 466-4345"
624,"John Daniels","12960 Escobar Isle Suite 344","CA","San Diego",96493,"(149) 019-2511"
625,"James Rodriguez","12802 Mark Place","FL","Jacksonville",58679,"(754) 388-3015"
626,"Robert Henson","38384 Jenny Trafficway Apt. 335","CA","San Jose",37076,"(645) 326-4755"
627,"Nicole Alvarez PhD","836 John Freeway","GA","Macon",22446,"(843) 587-8540"
628,"Adam Martin","515 Collins Vista","CA","San Diego",52316,"(215) 729-8571"
629,"Elizabeth Russell","872 Katrina Mill Apt. 327","NJ","Newark",41153,"(186) 164-6892"
630,"Brandon White","39926 Payne Islands Suite 784","GA","Columbus",13879,"(849) 789-0273"
631,"Amanda Pace","77642 Logan Summit","CA","San Francisco",47221,"(873) 558-6308"
632,"Marc Wilkinson","641 Valerie Flat","NJ","Elizabeth",35450,"(529) 173-4672"
633,"Jessica Anderson MD","97768 Torres Circles","FL","Fort Lauderdale",54422,"(059) 447-6951"
634,"Theresa Wong","301 Dominguez Grove","FL","Orlando",10465,"(428) 294-2337"
635,"Hannah Hoover","381 Amy Gardens","TX","Houston",94923,"(047) 277-5999"
636,"Edward Johnston","877 Munoz Row","MA","Worcester",90209,"(637) 655-2575"
637,"Kyle York","6997 Tammy Corner","CA","Los Angeles",7060,"(518) 783-1877"
638,"William Gamble","2713 Laura Harbors","FL","Orlando",38349,"(925) 860-7757"
639,"Angela Rivera","863 Kevin Harbors Apt. 967","CA","Los Angeles",8114,"(537) 159-3012"
640,"Rachel Norton","4433 Walker Trace Apt. 161","CA","Sacramento",59872,"(408) 142-1851"
641,"Kendra Lynn","67373 Smith Hollow","CA","Sacramento",13265,"(457) 195-9332"
642,"Mary Johnson MD","745 Michael Islands","PA","Pittsburgh",47017,"(271) 999-3675"
643,"Edward Reyes","82765 Harris Lakes","NY","Albany",91936,"(482) 156-2379"
644,"Katie Rodriguez","539 Sherry Passage Suite 794","FL","Orlando",63429,"(844) 520-1899"
645,"Stephanie Morales","978 Shannon Square","FL","Miami",3959,"(000) 591-5530"
646,"Zachary Wang","2153 Jodi Hill Suite 635","VA","Virginia Beach",16629,"(487) 256-0753"
647,"Dr. Devon Mason","33112 Wood Squares Suite 765","FL","Miami",86080,"(398) 743-3936"
648,"Brian Newman","6040 Scott Center Suite 734","FL","Miami",84339,"(735) 121-2058"
649,"Susan Garcia","939 Ballard Court","IL","Peoria",41551,"(915) 894-8383"
650,"Michelle Guzman","13050 Joshua Trail","GA","Columbus",99926,"(214) 715-4131"
651,"Joseph Pratt","8036 Hughes Plains","OH","Akron",25148,"(130) 014-8732"
652,"Michael Norman","34311 Smith Overpass Suite 767","GA","Atlanta",88126,"(370) 055-9705"
653,"Dennis Smith","9348 Mitchell Cliffs Apt. 272","MI","Lansing",36921,"(595) 368-4358"
654,"Jacob Wells","08114 Gray Isle Suite 382","PA","Erie",17995,"(245) 272-9982"
655,"Melinda Wong","833 Jennifer Canyon","TX","Fort Worth",11105,"(693) 941-6397"
656,"Sarah Cantrell","47513 Padilla Common","IL","Champaign",91033,"(090) 276-6546"
657,"Sarah Hooper","994 Kyle Points","NY","New York",43883,"(655) 804-6611"
658,"Stephanie Malone","1404 Matthew Isle Suite 348","CA","San Francisco",45327,"(526) 360-6690"
659,"Daniel Adams","298 Jones Ferry","TX","Fort Worth",73876,"(195) 131-9807"
660,"Gregory Beasley","72461 Seth Village Apt. 930","NC","Greensboro",51831,"(680) 864-3639"
661,"Alicia Smith","4576 Leslie Avenue","IL","Champaign",73719,"(677) 725-5907"
662,"Sharon Gonzalez","9217 Clark Way","CA","Los Angeles",13633,"(894) 113-9740"
663,"Melissa Ramirez","5660 Jennifer Branch","TX","San Antonio",4598,"(425) 393-1696"
664,"Christine Lawson","66401 Davis Trace Suite 609","FL","Orlando",30476,"(918) 602-3197"
665,"Rachael Mendoza","89059 Tonya Squares","NJ","Trenton",44950,"(572) 802-2629"
666,"Jessica Rodriguez","989 David Centers Suite 046","MI","Warren",44991,"(568) 844-5213"
667,"Tyler Mcgrath","2967 Carney Camp Suite 803","NJ","Paterson",23754,"(771) 696-6893"
668,"Mrs. Chelsea Gray","536 Cummings Vista","OH","Toledo",58338,"(329) 215-5295"
669,"Patrick West","4952 Rodney Spur","TX","Dallas",38898,"(712) 944-9071"
670,"Richard Griffin","44194 Howard Falls","FL","Orlando",93980,"(395) 000-0649"
671,"Debra Floyd","71203 Miller Trace","TX","Houston",95116,"(755) 401-7243"
672,"Tamara Bishop","2030 Mcdonald Orchard Apt. 817","FL","Miami",57180,"(129) 607-6969"
673,"Judy Mendez","80474 Sampson Port","TX","San Antonio",28222,"(195) 474-1337"
674,"Larry Simon","14773 Kim Crossing Apt. 757","TX","Dallas",19409,"(777) 920-4417"
675,"Jonathan Smith","33591 Walters Field","PA","Reading",72099,"(942) 201-0022"
676,"Rick Norris","314 Crawford Haven","NJ","Jersey City",1516,"(356) 380-0045"
677,"Tony Keith","3359 Price Pine Suite 312","IL","Rockford",54626,"(688) 982-6658"
678,"Michael Nelson","3914 Howard Court","IL","Champaign",21020,"(613) 039-6144"
679,"Emily Frazier","8367 Manuel Brook","PA","Philadelphia",43358,"(313) 384-4252"
680,"Nicholas Wagner","854 Tucker Alley Suite 826","TX","Houston",16555,"(165) 849-6763"
681,"Ronald Bennett","905 Kimberly Tunnel","OH","Cincinnati",20094,"(487) 098-4962"
682,"Jessica Evans","4474 Nelson Cove","NY","Buffalo",39776,"(984) 191-6859"
683,"Emma House","69482 Johnson Glens","AZ","Tucson",87411,"(198) 433-9482"
684,"Joshua Mejia","9587 Hudson Drives","CA","Los Angeles",82379,"(926) 540-9545"
685,"Linda Flowers","82859 Cruz Fords Suite 315","CA","San Diego",71116,"(424) 025-3560"
686,"Cynthia Brown","81720 Tammy Canyon Apt. 256","CA","Los Angeles",74008,"(949) 920-6385"
687,"Bradley Tran","87900 Ortiz Mountain Apt. 884","CA","Los Angeles",64031,"(003) 596-5521"
688,"Joshua Cox","074 Gonzalez Extensions","MA","Springfield",33605,"(158) 115-6557"
689,"Nicole Wilson","366 Linda Village","NY","Rochester",10644,"(382) 053-2520"
690,"Tina Reed","8883 Lara Knolls","NC","Greensboro",23665,"(386) 752-0185"
691,"Bill Green","99259 April Vista","NY","Buffalo",23431,"(971) 262-0820"
692,"Suzanne Watson","02866 Hopkins Plains","TX","Fort Worth",27544,"(513) 346-1026"
693,"Jamie Pratt","6493 Taylor Spring Suite 571","NY","Albany",72949,"(024) 645-3326"
694,"Holly Munoz","40596 Jessica Bridge Apt. 551","OH","Cincinnati",40329,"(524) 924-8297"
695,"Andrew Turner","0877 Miller Circle Apt. 401","NJ","Elizabeth",27934,"(132) 550-5492"
696,"Kevin Braun","9466 David Orchard","IL","Champaign",89207,"(051) 472-1164"
697,"Kathleen Cohen","6880 Chelsea Circles Apt. 377","CA","San Diego",87163,"(969) 573-3545"
698,"Richard Riley","1593 Johnson Freeway Suite 127","FL","Orlando",99694,"(100) 654-9024"
699,"Nicole Dennis","1258 Briana Haven Apt. 672","TX","Fort Worth",51951,"(670) 552-1190"
700,"Angel Gallegos","75280 Wilkins Keys Apt. 475","FL","Miami",93974,"(965) 368-8467"
701,"Mrs. Cynthia Blackwell","090 Stacy Manor","NJ","Newark",94892,"(909) 124-2124"
702,"Stephanie Harvey","879 Mcconnell Radial Suite 536","TN","Knoxville",18448,"(144) 562-9112"
703,"Mr. Kelly Fisher","3157 Hawkins Coves Suite 683","TX","Fort Worth",16703,"(020) 112-7722"
704,"Amy Green","0575 Brown Flats","TX","Austin",75059,"(575) 414-8787"
705,"James Hanna","9556 Gilmore Mountain Apt. 873","PA","Allentown",16151,"(414) 210-9673"
706,"Donald Haas","038 Delgado Stravenue","CA","Los Angeles",31401,"(607) 777-8037"
707,"Richard Martinez","58405 Jessica Rapids","NJ","Newark",84378,"(994) 400-9470"
708,"Cheyenne Bates","7684 Evans Bypass Apt. 404","VA","Richmond",98047,"(006) 145-1916"
709,"Ronald Sweeney","69018 Vanessa Shoals Apt. 110","IL","Chicago",80709,"(102) 795-2178"
710,"Matthew Allen","656 Kaylee Ports","MI","Lansing",55757,"(379) 049-6872"
711,"Kenneth Pierce","5991 Jennifer Stravenue","FL","Jacksonville",15189,"(431) 493-9770"
712,"Candace Haynes","50451 Mark Fields Apt. 951","TX","Houston",74582,"(240) 918-6081"
713,"Richard Wright","021 Smith Square","GA","Macon",82599,"(090) 785-1064"
714,"Paul Harris","461 Emily Lodge","CA","San Francisco",70108,"(834) 550-0853"
715,"Caroline Walker","8900 Claire Cove","NJ","Newark",17180,"(648) 871-2136"
716,"Brittany Snyder","3719 Rice Bridge Apt. 668","IL","Peoria",98286,"(098) 038-8975"
717,"Miguel Williams","643 Natalie Mews Suite 132","CA","San Francisco",13513,"(643) 409-5894"
718,"Amanda Mitchell","114 English Points","MI","Sterling Heights",96982,"(143) 348-2214"
719,"Julie Washington","97213 Peterson Camp","CA","Los Angeles",5877,"(689) 132-4370"
720,"Eric Mercer","26083 Keith Trafficway Suite 332","MA","Springfield",34943,"(097) 267-7198"
721,"Lori Taylor","47509 Jesus Burgs","NC","Durham",3563,"(925) 600-6333"
722,"Paige Davis","522 John Port","NY","Albany",7059,"(611) 663-2470"
723,"Kenneth Holland","196 Nicholas Gardens","NY","Buffalo",46157,"(858) 662-5525"
724,"Jeffrey Ramirez MD","49772 Kendra Court","TX","Dallas",42199,"(363) 142-5086"
725,"Jonathan Cruz","21003 Patricia Fall Suite 228","CA","San Jose",64601,"(462) 607-7698"
726,"Dennis Wagner","61505 William Key Suite 908","FL","Tampa",42291,"(982) 316-4805"
727,"William Molina","49412 John Underpass Apt. 017","CA","San Francisco",85385,"(839) 968-2612"
728,"Rachel Sheppard","433 Ashley Locks Apt. 003","AZ","Tucson",82207,"(576) 587-1532"
729,"Mark Shaw","461 Allen Village","OH","Cleveland",92968,"(112) 879-2855"
730,"Mr. James Conner","2991 Jennifer Wall","MA","Lowell",84827,"(349) 578-6924"
731,"Eric Johnson","92339 Moreno Lakes","FL","Tampa",81951,"(405) 940-6248"
732,"Lisa Morris","953 Oconnell Wall","FL","Miami",85781,"(647) 064-9857"
733,"Mitchell Miller","02964 Curry Street Apt. 946","TX","Houston",35252,"(392) 522-8026"
734,"Jessica Schneider","56806 Erika Tunnel","PA","Pittsburgh",21837,"(901) 448-9919"
735,"Lindsey Delacruz","82456 Doris Fork","CA","Sacramento",43608,"(540) 811-2982"
736,"Jackson Benton","4537 Harris Ville Suite 509","TN","Knoxville",69849,"(066) 422-7778"
737,"Samantha Jackson","6048 Laurie Street Apt. 835","NC","Raleigh",21868,"(395) 852-6412"
738,"Krista Castro","825 Chapman Summit","NY","Albany",64119,"(259) 272-3442"
739,"Mrs. Danielle Walter","96320 Brian Way Apt. 571","TX","Dallas",10726,"(591) 460-3540"
740,"Daniel Gonzalez","069 Oneal Skyway Apt. 970","CA","San Jose",10252,"(199) 908-7011"
741,"Justin Moore","9431 James Place","CA","Sacramento",54894,"(276) 336-9603"
742,"Michelle Wiley","7309 Jon Extension Apt. 455","CA","Sacramento",81202,"(845) 174-2764"
743,"Shannon Ortiz","1282 Diane Summit Suite 885","AZ","Mesa",81684,"(521) 751-2922"
744,"Carol Simmons","538 Angela Brooks","GA","Atlanta",14240,"(975) 949-1044"
745,"Stephanie Wilson","25537 Wilkerson Club Suite 635","CA","Los Angeles",47192,"(841) 653-2614"
746,"Karen Green","36501 Phelps Street Apt. 301","TX","Dallas",70176,"(476) 560-7571"
747,"Alexander Johnson","3448 Holly Expressway","IL","Peoria",97578,"(091) 070-5178"
748,"Kristen Nash","604 Lee Lakes Apt. 280","TX","Fort Worth",36482,"(761) 982-6326"
749,"Matthew Copeland","2469 Mcgee Isle Apt. 189","NY","Rochester",16846,"(158) 879-0773"
750,"Erik Schneider","75960 James Motorway","GA","Augusta",72183,"(236) 867-6974"
751,"Wesley Valdez","518 Rhonda Club","NC","Raleigh",24848,"(469) 393-0349"
752,"Andrea Brown","80418 Bishop Knolls Apt. 845","TX","San Antonio",11883,"(619) 846-6808"
753,"Thomas Bradley","9262 Macdonald Lane Suite 230","TX","Dallas",60920,"(169) 019-5300"
754,"Victoria Tate","0430 Watson Manor Apt. 601","NY","New York",51399,"(891) 924-2972"
755,"Diana Roth","276 Henry Meadows","GA","Atlanta",9589,"(452) 737-5919"
756,"Elizabeth Edwards","913 Curtis Harbor Apt. 644","IL","Champaign",18287,"(079) 041-9686"
757,"Ashley Williams","4762 Welch Highway Apt. 424","GA","Atlanta",82026,"(540) 011-8288"
758,"Charles Andrews","19417 Christine Causeway","CA","San Francisco",48620,"(319) 302-4647"
759,"Jeffrey Burton","431 Charles Branch","FL","Fort Lauderdale",96088,"(282) 856-3852"
760,"Richard Lopez","4571 Sandra Parkways","TX","Austin",59619,"(176) 609-9210"
761,"Stephen Black","39725 Alison Cliff","MA","Boston",6688,"(471) 971-3476"
762,"Angela Jenkins","4613 Judy Greens Suite 123","OH","Cincinnati",60435,"(287) 829-6668"
763,"Lindsey Hicks","56201 Guerrero Drive","CA","Sacramento",44592,"(501) 384-6504"
764,"Christine Clark","043 Gerald Spur Suite 112","CA","Sacramento",91261,"(094) 013-6248"
765,"Kelly Harris","142 Nancy Ways Suite 169","PA","Erie",87359,"(501) 088-1452"
766,"Emily Keller","306 Andrews Tunnel","TX","Houston",47805,"(033) 336-5398"
767,"Ashley Anderson","217 Rebecca Cove Apt. 947","PA","Erie",32949,"(030) 762-4063"
768,"Katherine Lee DDS","65460 Michael Squares Apt. 936","GA","Atlanta",67752,"(082) 698-2682"
769,"Jean Figueroa","93660 Gregg Lodge","MA","Springfield",38735,"(120) 326-7307"
770,"John Carter","1624 Gutierrez Unions Apt. 063","IL","Rockford",33766,"(027) 361-0402"
771,"Michael Hudson","9643 Cynthia Mission Suite 031","TX","Houston",19632,"(607) 211-0696"
772,"Kevin Murray","04727 Audrey Locks Apt. 471","NC","Durham",84060,"(568) 072-4144"
773,"Paul Wright","7035 Amy Extensions Suite 595","VA","Chesapeake",77076,"(756) 645-4681"
774,"Claudia Kemp","068 Denise Flats Suite 442","TX","Houston",45324,"(545) 169-3756"
775,"Michelle Chung","8347 Fields Locks Apt. 652","NC","Raleigh",23059,"(846) 459-6255"
776,"Kimberly Buchanan","516 Cervantes Passage Apt. 124","TX","Fort Worth",60114,"(753) 163-5010"
777,"Manuel Roberson","142 Crystal Stravenue","TX","Austin",59792,"(822) 535-1202"
778,"Eric Ramirez","3238 Pham Terrace Apt. 040","TX","Houston",93502,"(096) 042-1161"
779,"Michelle Patterson","044 Montoya Mountain","CA","San Diego",59723,"(005) 410-0781"
780,"Laura Massey","859 Rachel Via Apt. 139","NJ","Elizabeth",37283,"(688) 231-4107"
781,"David Miller","46231 Gutierrez Fords","NY","Syracuse",45147,"(400) 200-5040"
782,"Lauren Wright","418 Reynolds Lodge Suite 595","GA","Savannah",875,"(325) 745-2645"
783,"Sharon Blackburn","720 Davis Villages","FL","Tampa",37832,"(622) 620-2033"
784,"Jason Browning","897 Jefferson Lakes","NC","Charlotte",9398,"(110) 004-4512"
785,"Sarah Murphy","63656 Rachel Summit","IL","Peoria",24041,"(669) 985-5625"
786,"Shawna Thomas","78055 Justin Parks Suite 668","MA","Lowell",16928,"(488) 085-8382"
787,"Katie Rice","235 Misty Manor","IL","Peoria",99040,"(001) 904-0963"
788,"Andrew Sanchez","42263 Jared Trafficway","CA","Los Angeles",31253,"(985) 687-9536"
789,"Vanessa Skinner","6202 Sanders Stravenue","PA","Reading",25247,"(956) 703-1173"
790,"Darren Bond","05604 Jacob Spurs","TX","San Antonio",74596,"(861) 644-2152"
791,"Christopher Stevens","93018 Robert Meadows","FL","Orlando",15190,"(986) 649-7754"
792,"Steven Gibson","04503 John Center Apt. 154","NY","Buffalo",79706,"(905) 941-5380"
793,"Kayla Sherman","58942 Adam Village Apt. 864","IL","Chicago",36647,"(998) 654-9525"
794,"Mariah Mcintyre","5077 Warren Pass","CA","San Diego",74262,"(106) 397-8564"
795,"Brian Cardenas","7750 Lisa Rue Apt. 372","MI","Warren",1643,"(718) 703-9357"
796,"Emily Atkins","04901 Thornton Points","TX","Fort Worth",22825,"(626) 203-7425"
797,"Eric Barry","808 Dixon Bridge","CA","Los Angeles",60274,"(592) 451-6078"
798,"Robert Craig","887 Amber Lane Apt. 742","IL","Chicago",9536,"(612) 931-4700"
799,"David Smith","65922 Brady Junction","NY","Syracuse",61797,"(249) 376-0977"
800,"Elizabeth Gonzalez","7966 Danielle Trafficway","TX","Fort Worth",34288,"(408) 086-1140"
801,"Barbara Ross","70793 Landry Lock Apt. 169","NC","Charlotte",92293,"(679) 756-8652"
802,"Jennifer Middleton","829 Hernandez Pine","CA","Los Angeles",79482,"(334) 818-3431"
803,"Janice Nguyen","752 Waller Drive Apt. 105","GA","Macon",93062,"(516) 223-8548"
804,"Matthew Green","571 Nicholas Shoal","IL","Champaign",61703,"(234) 902-9903"
805,"Steven Spencer","1156 Miller Parkway","CA","Los Angeles",21155,"(069) 472-8451"
806,"Crystal Barker","7531 Jocelyn Shoals","CA","San Jose",39969,"(867) 542-1415"
807,"Jacob Davis","43748 Lisa Fork","FL","Fort Lauderdale",30127,"(303) 186-7142"
808,"Isaiah Jones","2713 Erika Mall","TX","Dallas",72734,"(991) 284-3045"
809,"Christopher Grant","384 Margaret Course Suite 169","FL","Fort Lauderdale",72659,"(293) 458-8639"
810,"Mike Preston","5888 Zachary Tunnel Apt. 066","OH","Akron",3541,"(419) 655-8290"
811,"Jordan Oneill","627 Jessica River Suite 041","OH","Akron",71615,"(365) 649-6912"
812,"Erika Kelly","3160 Mckee Tunnel","TX","Fort Worth",54362,"(668) 155-2900"
813,"Michael Morrow","7112 Nicholas Junction","FL","Jacksonville",11548,"(820) 268-0926"
814,"Monica Marquez","563 Kemp Skyway Suite 397","CA","San Diego",10027,"(629) 585-7311"
815,"Andre Smith","451 Martin Mall Apt. 293","MI","Detroit",85620,"(569) 128-5717"
816,"David Tate","3635 Courtney Mountains Suite 508","OH","Akron",12751,"(598) 306-0896"
817,"Lee Smith","6822 Rollins Gateway Apt. 628","PA","Philadelphia",16307,"(026) 520-2989"
818,"Carl Barnett","2638 Martin Garden","IL","Rockford",51176,"(571) 815-2147"
819,"Brandi Carr","3623 Christina View","NY","New York",71530,"(509) 830-0101"
820,"Alexis Rodgers","1429 Lane Road Suite 275","NY","Buffalo",93317,"(828) 256-1705"
821,"Daniel Trujillo","6020 Warren Streets Suite 164","FL","Fort Lauderdale",69933,"(259) 383-2863"
822,"Dorothy Fitzgerald","995 Patterson Cape","GA","Macon",97832,"(909) 380-1386"
823,"Mary Kent","1900 Virginia Alley Apt. 202","NY","Syracuse",28811,"(392) 959-5670"
824,"Randall Dominguez","528 Moss Brooks","CA","San Francisco",36856,"(797) 085-8102"
825,"Jordan Nelson","62195 Mcgrath Terrace Suite 377","CA","San Diego",52181,"(961) 041-8169"
826,"Chelsea Henderson","2094 Williams Valleys","OH","Cleveland",36509,"(992) 422-5859"
827,"Mary Shah","62803 Long Port Suite 171","GA","Macon",3174,"(150) 213-8775"
828,"Tamara Guzman","90883 Scott Coves","VA","Norfolk",19402,"(073) 422-9088"
829,"Rebecca Graham","10695 Jessica Brook Apt. 423","CA","San Francisco",98928,"(145) 680-3714"
830,"Tina Duncan","12117 Michael Harbors Suite 543","CA","Los Angeles",8649,"(080) 344-7299"
831,"Elizabeth Wright","076 Jessica Square","GA","Macon",59383,"(944) 469-7363"
832,"Sherri Chapman","973 Hines Passage","OH","Cleveland",77890,"(753) 643-1145"
833,"Adam Martin","903 Chapman Divide","VA","Newport News",61791,"(840) 457-3305"
834,"Deborah Ramirez","80729 William Shoals Suite 270","TX","Houston",17263,"(065) 345-1106"
835,"Robert Garcia","745 Davis Inlet","TX","Dallas",62506,"(476) 009-6834"
836,"Meghan Robles","381 Jillian Parks Suite 201","PA","Philadelphia",4740,"(318) 872-7873"
837,"Julie Allen","581 Meagan Mews Suite 556","IL","Rockford",70964,"(856) 095-4709"
838,"Cory Gamble","80581 Larsen Well Suite 062","TX","San Antonio",49171,"(187) 180-8218"
839,"Christopher Cox","62668 Jay Meadows Suite 168","NJ","Newark",12638,"(419) 400-0890"
840,"Michael Nguyen","6766 Washington Port Suite 924","NY","New York",89130,"(486) 524-5902"
841,"Tonya Davis","45667 Jane Forest Apt. 926","GA","Macon",69840,"(353) 311-0674"
842,"Elizabeth Rice","99577 Brandon Mountain Apt. 679","CA","Sacramento",89947,"(002) 477-5217"
843,"Lisa Gonzales","02370 Michael Crescent","FL","Jacksonville",42150,"(757) 620-8346"
844,"Julie Suarez","474 Alicia Course Apt. 495","TX","San Antonio",78002,"(149) 876-8074"
845,"Theresa Griffin","412 Hernandez Estate","NJ","Trenton",10071,"(217) 006-7520"
846,"Kristin Hernandez","18299 Robert Flat Apt. 239","VA","Virginia Beach",76536,"(404) 103-4164"
847,"Sandra Davies","650 Huynh Pike","TX","Houston",51356,"(560) 407-8081"
848,"Sarah Robinson","1081 Joshua Rest","NY","Buffalo",27648,"(844) 793-5381"
849,"James Brock","3076 Rios Mission Suite 232","MA","Cambridge",61277,"(323) 499-1731"
850,"Madison Perez","6446 Donna Cliff Suite 393","TX","Houston",40821,"(932) 617-0199"
851,"Joshua Harris","0778 Bruce Corner Apt. 892","GA","Macon",38128,"(698) 844-6885"
852,"Catherine Olson","2640 Frank View Apt. 698","TX","Austin",43895,"(245) 534-6398"
853,"Samuel Jones","249 Nicole Glens","OH","Cleveland",12332,"(501) 568-4426"
854,"Scott Davis","6068 Gonzalez Street","VA","Richmond",80886,"(310) 148-7728"
855,"Theresa Arnold","116 Meyer Extension","NY","Rochester",59119,"(502) 823-2701"
856,"Heather Rios","57804 David Flats Apt. 959","AZ","Tucson",65375,"(226) 017-0049"
857,"Yesenia Watkins","0878 Vincent Courts","MA","Cambridge",3770,"(945) 629-7442"
858,"Angela Eaton","137 Ross Alley","FL","Fort Lauderdale",81533,"(853) 213-0530"
859,"Abigail Solis","2254 Taylor Fields","CA","San Jose",61360,"(603) 950-7364"
860,"Bridget Hughes","45541 Ryan Highway Apt. 525","FL","Tampa",45460,"(424) 376-3280"
861,"Todd Figueroa","564 Amanda Vista","MA","Worcester",48745,"(353) 686-0694"
862,"Nathan Torres","47280 Garcia Light","CA","San Francisco",24087,"(368) 164-3530"
863,"Brian Cook","5563 Clark Stravenue","OH","Cincinnati",42184,"(896) 932-3873"
864,"Kyle Barber","291 Williams Mission","PA","Allentown",16221,"(108) 998-9896"
865,"Charles Lambert","35084 Lawrence Mill Apt. 970","CA","San Diego",41348,"(198) 161-7495"
866,"Brittany Good","487 Smith Gardens Suite 282","TX","San Antonio",92746,"(571) 226-7019"
867,"Crystal Stone","65257 Adrian Ford Suite 227","MI","Sterling Heights",3782,"(236) 190-1326"
868,"Mr. Derek Colon DDS","5416 Smith Mission","TX","Fort Worth",61394,"(139) 972-6261"
869,"Lindsay Richmond","225 Andersen Freeway Suite 355","TX","Dallas",33821,"(176) 875-3784"
870,"Jacob Reynolds","3627 Coleman Pines Suite 352","OH","Cincinnati",42681,"(759) 040-3549"
871,"Thomas Johnson","743 Michelle Run Apt. 906","OH","Cleveland",54810,"(144) 029-7277"
872,"Mary Stark","7141 Alicia Burgs Apt. 887","FL","Fort Lauderdale",70298,"(390) 210-7048"
873,"Gregory Aguilar","88671 Duncan Shoal","VA","Virginia Beach",7915,"(218) 171-9991"
874,"Susan Tyler","925 Hernandez Island Suite 666","MA","Springfield",95213,"(378) 276-1527"
875,"Patrick Brooks","82399 Schultz Garden Apt. 254","PA","Allentown",80351,"(019) 557-4873"
876,"Tina Parks","46856 Young Wall","CA","San Jose",73931,"(425) 145-6392"
877,"Brooke Cannon","50533 Michael Hollow","OH","Akron",13992,"(726) 243-4300"
878,"Andrea Gonzalez","15861 Hanson Lock Suite 019","NC","Durham",47098,"(542) 417-6991"
879,"Christopher Jones","477 Miller Center Suite 393","CA","San Jose",9113,"(992) 165-6518"
880,"Jenna Green","7940 Bradley Meadow","OH","Toledo",18065,"(795) 446-7137"
881,"Kimberly Owens","7935 Paul Grove","MA","Boston",44756,"(209) 881-9809"
882,"Daniel Hill","91313 Martinez Junctions","FL","Jacksonville",92695,"(056) 753-4616"
883,"Michael Mcfarland","1390 Williams Walk Apt. 143","CA","San Francisco",27114,"(779) 391-6042"
884,"Jason Austin","8005 Curtis Spring","IL","Chicago",91555,"(693) 298-0357"
885,"Nicholas Gonzalez","777 Alexander Station","OH","Cincinnati",77257,"(232) 550-5080"
886,"Steven Hahn","091 Reynolds Hill Apt. 041","CA","Los Angeles",28825,"(589) 420-3352"
887,"Dr. Brooke Gonzalez DVM","30870 Moreno Springs","NC","Greensboro",90884,"(826) 868-6208"
888,"Carla Mayer","256 Douglas Squares","TX","Dallas",1310,"(452) 631-5421"
889,"Jeffrey Jackson","07747 Kimberly Stravenue","CA","San Jose",74439,"(623) 217-2139"
890,"Rachel Wolfe","2951 Samuel Village Suite 249","CA","Sacramento",84979,"(316) 435-7899"
891,"Samuel Klein","50984 Daniel Fords","PA","Erie",63792,"(379) 314-4791"
892,"Steven Kim","487 Torres Motorway","NY","Buffalo",22212,"(053) 243-2896"
893,"Leah Reynolds","519 Mark Field","TX","Fort Worth",25086,"(525) 620-1813"
894,"Michelle Chavez","630 Sarah Court Suite 782","GA","Columbus",12972,"(547) 675-4252"
895,"Andre Walker","61235 Reyes Way Suite 712","FL","Jacksonville",80411,"(718) 401-8430"
896,"Lauren Smith","817 Shaun Canyon","CA","Sacramento",3966,"(243) 339-6694"
897,"David Singh","88331 Vargas Heights Apt. 875","OH","Toledo",97400,"(985) 005-7644"
898,"Logan Logan","2083 Davis Rapid Suite 513","TX","San Antonio",12317,"(717) 263-5576"
899,"Richard Snow","966 Moore Path Apt. 482","NY","Rochester",93560,"(071) 082-9989"
900,"Randall Fisher","9021 Justin Manors","PA","Allentown",72002,"(459) 489-0455"
901,"Aaron Thomas","8110 Morgan Manor","CA","San Diego",36851,"(283) 381-7613"
902,"Lauren Reilly","5235 Ballard Prairie Suite 835","MA","Boston",91861,"(557) 852-3356"
903,"Amanda Acosta","41771 Pamela Courts Suite 920","MI","Warren",89610,"(917) 631-1689"
904,"Gary Saunders","8616 Gomez Cliff Suite 112","TX","Austin",9911,"(715) 936-0590"
905,"Shelly Melton","5541 Boone Dale","NJ","Trenton",538,"(553) 581-6115"
906,"Amanda Sullivan","97609 Coleman Course Apt. 772","MI","Warren",76773,"(111) 565-0319"
907,"Jeffrey Williams","1334 Powers Keys","NY","Buffalo",91584,"(380) 622-5215"
908,"James Jenkins","5592 Diaz Grove","TX","Austin",37304,"(093) 130-6526"
909,"Kenneth Hardin","966 Holmes Freeway Suite 817","CA","Sacramento",33498,"(844) 663-3760"
910,"Jennifer Strickland","77940 Adams Lakes Apt. 295","CA","Sacramento",90433,"(684) 855-8982"
911,"Charles Bowen","786 Hamilton Mission","TX","Austin",88912,"(120) 445-8964"
912,"Jimmy Pena","461 John Views Suite 583","OH","Columbus",25837,"(896) 459-0098"
913,"Joseph Grant","0648 Kenneth Circle Apt. 004","FL","Miami",81505,"(085) 761-5854"
914,"Michael Garcia","435 Jeffrey Haven Suite 404","NY","Rochester",66932,"(771) 869-5851"
915,"Brandon Williams","8563 Audrey Stream Apt. 610","CA","San Francisco",27603,"(276) 868-2507"
916,"James Hayes","926 Manning Junctions","CA","San Diego",77112,"(047) 845-2373"
917,"Nicholas Hunter","68221 April Overpass Apt. 093","IL","Champaign",11437,"(065) 696-8442"
918,"Matthew Sutton","1138 Summers Throughway Apt. 065","IL","Rockford",92219,"(248) 445-5040"
919,"Paula Kerr","86966 Penny Ridge","CA","Sacramento",61561,"(574) 964-9337"
920,"Keith Harvey","0329 David Dale Apt. 092","CA","San Jose",47904,"(464) 658-9267"
921,"Arthur Clark","06518 Jonathan Stravenue Suite 217","MI","Lansing",88842,"(351) 043-2001"
922,"Terry Hernandez","5215 Franklin Curve","IL","Chicago",15552,"(659) 002-1281"
923,"Joseph Benson DDS","8725 Riley Haven Suite 408","NY","Syracuse",45867,"(280) 668-7173"
924,"Elizabeth Stewart","50978 Mckinney Ports","NJ","Paterson",10817,"(918) 811-1377"
925,"Daniel Larson","413 Hines Streets","TX","San Antonio",99154,"(141) 820-9520"
926,"Amy Richardson","6769 Hale Gateway","NC","Charlotte",44584,"(883) 961-7011"
927,"Ashley Vaughan","123 Joshua Lights Apt. 068","FL","Jacksonville",8104,"(986) 825-4354"
928,"Tracy Bowman","9718 Trevino Lake","CA","Los Angeles",71945,"(578) 571-3957"
929,"Brenda Anderson","44546 Mcdowell Courts Suite 575","CA","San Diego",99343,"(197) 415-5855"
930,"Tim Banks","9491 Mathews Stravenue Apt. 632","NY","New York",82881,"(962) 946-7813"
931,"Ian Ellis","984 Williams Walks Suite 585","CA","San Jose",1404,"(824) 922-1740"
932,"Richard Bryant","390 Joseph Hills Suite 066","NC","Durham",57174,"(414) 666-0360"
933,"Kathleen Shaw","19830 Barrera Isle Suite 787","GA","Savannah",60567,"(691) 458-2581"
934,"Laura Gonzalez","3051 Smith Coves Suite 126","NY","Buffalo",12943,"(680) 655-2785"
935,"Lisa James","8459 Brown Rest Apt. 956","IL","Champaign",99064,"(140) 747-3445"
936,"Sharon Carrillo","146 William Plaza Apt. 337","GA","Macon",58701,"(638) 381-1162"
937,"Monique Harding","5655 Rivera Fields Suite 533","CA","Los Angeles",12671,"(513) 333-1273"
938,"Adrian White","0950 Cindy Path Suite 732","IL","Peoria",19914,"(462) 915-0571"
939,"Connie Walker","510 Carlson Springs","CA","San Francisco",4770,"(949) 506-2106"
940,"Lydia Stanley","12781 Williams Ranch","OH","Columbus",66434,"(862) 020-6210"
941,"Arthur Steele","5610 Webb Brook","CA","San Diego",26755,"(447) 428-9385"
942,"Lee Moore","28797 Stanley Street","FL","Jacksonville",62633,"(046) 479-5662"
943,"Ronald Rodriguez","52880 Lauren Shoal Suite 428","MI","Grand Rapids",22735,"(757) 345-6517"
944,"Susan Carter","1199 Diaz Ridge","NY","New York",4935,"(417) 193-4926"
945,"Samantha Delgado","47413 Byrd Cliff Apt. 473","TX","Fort Worth",16011,"(968) 164-2254"
946,"Arthur Vasquez","40333 Dawson Tunnel Apt. 105","TX","Fort Worth",59410,"(927) 331-9932"
947,"Kristin Washington","6480 James Forest","VA","Richmond",27651,"(746) 291-4467"
948,"Natalie Sanchez","472 Miles Union","TX","San Antonio",61945,"(348) 414-4828"
949,"Bryan Smith","9619 Cole Prairie","FL","Orlando",164,"(428) 099-7666"
950,"Christopher Hensley","3608 Rojas Inlet Apt. 092","TX","Fort Worth",20848,"(815) 077-7780"
951,"Melissa Myers","80047 Johnson Station","PA","Pittsburgh",28446,"(934) 185-4906"
952,"Sarah Mann","11579 Brian Fields","MI","Detroit",68879,"(507) 035-2303"
953,"Dr. Edgar Munoz","1838 Courtney Hollow Apt. 189","CA","San Jose",89338,"(349) 657-0872"
954,"Cheryl Goodwin","62934 Best Fords Apt. 953","PA","Philadelphia",28548,"(636) 979-2434"
955,"Robert Hammond","03892 Higgins Track","CA","Sacramento",33950,"(217) 289-9128"
956,"Leon Becker","117 Amy Underpass","TX","Houston",63240,"(833) 677-4923"
957,"Jonathan Roberson","8383 Emily Harbor","OH","Akron",23741,"(050) 232-5126"
958,"Sean King","10301 Tony Street Suite 571","TN","Knoxville",60336,"(269) 314-5426"
959,"Tyler Ramos","876 Benjamin Mews Apt. 864","CA","San Jose",59693,"(049) 437-8232"
960,"Scott Wilson","8801 Paula Lodge","CA","San Francisco",69293,"(144) 009-7111"
961,"Andrea Kerr","1392 Nicholas Shores Apt. 616","NY","Rochester",84885,"(346) 622-8005"
962,"Jennifer Russell","37531 Katherine Cove","MI","Detroit",3257,"(737) 199-3734"
963,"Christian Gentry","94370 Davis Islands Apt. 162","MA","Worcester",14144,"(348) 958-8279"
964,"Lucas Brooks","643 Ronald Port Apt. 927","TN","Nashville",93753,"(210) 115-5031"
965,"Gina Montgomery","218 Scott Way Apt. 074","NY","New York",76326,"(072) 033-6352"
966,"Megan Stevenson","373 Cory Mount Apt. 749","TX","San Antonio",22099,"(106) 757-2228"
967,"Robin Green","06510 Wall Inlet","IL","Champaign",17837,"(296) 413-0042"
968,"James Harmon","42299 Ho Course","IL","Springfield",7666,"(928) 177-9909"
969,"Nathan Fuller","2396 Davila Stream","TX","Fort Worth",54721,"(377) 989-4621"
970,"Rodney Goodwin","0573 Jean Mission","NJ","Elizabeth",3635,"(749) 072-0626"
971,"Tammy Fowler","01332 Kline Vista Apt. 770","AZ","Gilbert",96986,"(522) 284-5173"
972,"Amber Wells","01889 Charlotte Inlet","MI","Warren",690,"(274) 286-1292"
973,"Judith Mcmillan","67840 Charles Ridge","OH","Toledo",77851,"(236) 424-8572"
974,"Sherri Aguilar","352 Amy Glen","AZ","Gilbert",43612,"(438) 963-9239"
975,"Jessica Cordova","855 Tyler Cliffs","CA","Sacramento",94319,"(723) 122-1380"
976,"Steven Smith","9566 Brown Spurs","CA","San Francisco",72837,"(445) 628-2169"
977,"Courtney Perez","38993 Melissa Rapid Apt. 661","TX","Fort Worth",37148,"(077) 213-1857"
978,"Jessica Turner","66016 Sierra Loaf","MI","Sterling Heights",40263,"(669) 030-6343"
979,"James Boyd","54911 Kathy Gardens","CA","San Diego",9434,"(754) 237-1339"
980,"Aaron Bowers","6546 Luke Parkway Apt. 493","FL","Fort Lauderdale",33402,"(571) 654-5449"
981,"Maria Perry","13537 Francisco Tunnel","MI","Sterling Heights",16164,"(776) 493-9035"
982,"Steven Noble","2320 Adam Fords","CA","San Francisco",98004,"(953) 670-7233"
983,"Christopher Hahn","943 Castro Lodge","VA","Newport News",75825,"(049) 701-0114"
984,"Maria Norton","1386 Baird Stream Apt. 904","NY","Albany",50361,"(175) 297-4756"
985,"Brian Alvarez","97044 Williams Burg Suite 209","NC","Charlotte",70040,"(976) 160-8333"
986,"John Jenkins","821 John Forges","CA","San Diego",93785,"(999) 489-9672"
987,"Jack Miller","3038 Gonzalez Canyon","PA","Erie",53919,"(332) 830-6682"
988,"John Ritter","682 Walters Plains Apt. 644","NY","Albany",31077,"(288) 267-3256"
989,"Christine Barber","4729 Anthony Lakes Apt. 201","PA","Reading",4148,"(915) 744-3081"
990,"Amanda Stevens","351 Garrett Island Apt. 129","NC","Greensboro",10795,"(180) 613-3861"
991,"Erin Ruiz","246 Katherine Camp Apt. 579","FL","Jacksonville",90586,"(186) 541-5631"
992,"Bradley Roberts","271 Martin Landing","OH","Columbus",57301,"(308) 908-1310"
993,"Steven Odonnell","5700 Justin Port Suite 055","FL","Tampa",57828,"(012) 247-1169"
994,"Terry Carr","1113 Rivera Villages","IL","Champaign",47707,"(517) 524-6910"
995,"Pamela Mcdaniel","068 Ronnie Ports Apt. 412","VA","Richmond",91890,"(331) 071-8632"
996,"Christopher Campbell","7706 Hunter Vista","OH","Akron",88030,"(998) 604-6863"
997,"Robert Baldwin","874 Victoria Vista Apt. 545","NY","Buffalo",93897,"(101) 015-1771"
998,"Matthew Ramirez","085 Montgomery Junction Apt. 369","IL","Peoria",67664,"(730) 098-2607"
999,"Monica Lane","6455 Jason Extension","IL","Springfield",48702,"(137) 099-1599"
1000,"Bryan Rogers","853 Moore Gateway Suite 651","FL","Tampa",36844,"(824) 614-0493"
1001,"Bradley Combs","01681 Ana Rue","NC","Raleigh",18767,"(720) 474-6186"
1002,"Mr. Michael Jenkins","959 Matthew Forest Suite 720","AZ","Tucson",59398,"(383) 194-9469"
1003,"Dorothy Cruz","76248 Cantrell Walk Apt. 149","MI","Sterling Heights",45928,"(663) 072-2722"
1004,"Andrew Horton","216 Francis Mountains Suite 781","PA","Allentown",58071,"(731) 190-2762"
1005,"Julie Gordon","98821 Davis Camp Suite 844","TX","Dallas",29404,"(098) 896-7930"
1006,"Thomas Franklin","768 Hanson Pine","NY","Albany",31624,"(257) 655-2212"
1007,"Shannon Douglas","49098 Morales Circles Suite 326","IL","Springfield",8115,"(357) 789-7632"
1008,"Michael Edwards","651 Alicia Radial","OH","Akron",31571,"(256) 341-3962"
1009,"James Murphy","282 Trevor Road Suite 838","TX","Fort Worth",20579,"(724) 018-6352"
1010,"Kelly Woods","865 Hobbs Shores Apt. 948","TX","Fort Worth",51978,"(882) 206-0009"
1011,"Rebecca Castro","4016 Nicole Points Apt. 952","TN","Knoxville",16889,"(650) 900-5856"
1012,"Victoria Martin","1882 Rogers Plaza Apt. 174","OH","Akron",92416,"(468) 011-3722"
1013,"Michael Roberts","980 Mendez Summit Apt. 594","NJ","Newark",9153,"(930) 963-2092"
1014,"David Lewis","1629 Heidi Garden Apt. 861","NY","New York",31017,"(737) 060-0835"
1015,"Diane Walker","05211 Daniel Estates Apt. 921","NY","Syracuse",91607,"(517) 516-8254"
1016,"Kimberly Gonzales","79139 Lisa Radial","FL","Tampa",14604,"(404) 636-3272"
1017,"Sandra Smith","8679 Justin Terrace Apt. 410","CA","Sacramento",69644,"(334) 476-3865"
1018,"Maria Davis","860 Swanson Motorway Suite 638","OH","Toledo",4300,"(254) 935-0043"
1019,"Rachel Davis","3016 Rachel Rue Apt. 170","MA","Lowell",77958,"(020) 218-2143"
1020,"Diane Smith","204 Trevino Parkways Apt. 009","CA","Los Angeles",52607,"(243) 899-9761"
1021,"Danielle Brooks MD","71415 Lopez Junctions Apt. 311","CA","Sacramento",64826,"(860) 287-7651"
1022,"Jonathan Baker","72588 Mcdonald Drive Suite 240","IL","Peoria",86470,"(319) 618-9706"
1023,"Joseph Lara","61976 Collins Lake Apt. 339","TX","Dallas",71790,"(188) 871-3072"
1024,"Karen Schwartz","6234 Richard Island Apt. 863","MA","Springfield",53385,"(187) 975-4604"
1025,"Amber Carter","8942 Tammy Mount","CA","San Francisco",5608,"(949) 847-3527"
1026,"Dr. Bobby Thomas DVM","502 Jennifer Park Apt. 970","CA","San Jose",78438,"(775) 895-3366"
1027,"Mr. Thomas Chapman","504 Dwayne Landing Apt. 724","NJ","Trenton",89920,"(201) 437-4355"
1028,"Audrey Rodriguez","36703 Shawn Rapids Apt. 535","MI","Grand Rapids",32533,"(249) 896-9696"
1029,"Holly Smith","167 Michael Centers","VA","Newport News",17543,"(877) 786-2015"
1030,"Aaron James","41729 Daniel Drive Suite 826","NY","Buffalo",37235,"(250) 573-9219"
